date,julian_day,trt,block,plot,subplot,plant_ID,taxon,functional group,cover,notes
5.30.2019,151,N5,1,5,D,1,ACHILLEA MILLEFOLIUM,FORB,2,
5.30.2019,151,N5,1,5,D,2,ANDROPOGON GERARDII,GRASS,0.5,
5.30.2019,151,N5,1,5,D,3,CAREX SP,GRAMINOID,10,
5.30.2019,151,N5,1,5,D,4,LITTER,LITTER,80,
5.30.2019,151,N5,1,5,D,5,POA PRATENSIS,GRASS,1,
5.30.2019,151,N5,1,5,D,6,RUMEX ACETOSELLA,FORB,2,
5.30.2019,151,N10,1,7,C,7,ANDROPOGON GERARDII,GRASS,0.25,
5.30.2019,151,N10,1,7,C,8,ANTENNARIA NEGLECTA,FORB,0.25,
5.30.2019,151,N10,1,7,C,9,BARE GROUND,BARE GROUND,6,
5.30.2019,151,N10,1,7,C,10,CAREX SP,GRAMINOID,7,
5.30.2019,151,N10,1,7,C,11,LITTER,LITTER,80,
5.30.2019,151,N10,1,7,C,12,PANICUM OLIGOSANTHES,GRASS,0.25,
5.30.2019,151,N10,1,7,C,13,RUMEX ACETOSELLA,FORB,7,
5.30.2019,151,N1,1,9,C,14,ACHILLEA MILLEFOLIUM,FORB,0.5,
5.30.2019,151,N1,1,9,C,15,AGROPYRON REPENS,GRASS,0.5,
5.30.2019,151,N1,1,9,C,16,CAREX SP,GRAMINOID,4,
5.30.2019,151,N1,1,9,C,17,LITTER,LITTER,90,
5.30.2019,151,N1,1,9,C,18,POA PRATENSIS,GRASS,1,
5.30.2019,151,C,1,11,B,19,ACHILLEA MILLEFOLIUM,FORB,3,
5.30.2019,151,C,1,11,B,20,ANDROPOGON GERARDII,GRASS,0.5,
5.30.2019,151,C,1,11,B,21,ANTENNARIA NEGLECTA,FORB,1,
5.30.2019,151,C,1,11,B,22,BARE GROUND,BARE GROUND,7,
5.30.2019,151,C,1,11,B,23,BRYOPHYTE,BRYOPHYTE,1,
5.30.2019,151,C,1,11,B,24,CAREX SP,GRAMINOID,3,
5.30.2019,151,C,1,11,B,25,LITTER,LITTER,80,
5.30.2019,151,C,1,11,B,26,LYCHNIS ALBA,FORB,2,
5.30.2019,151,C,1,11,B,27,POA PRATENSIS,GRASS,2,
5.30.2019,151,C,2,13,B,28,ACHILLEA MILLEFOLIUM,FORB,3,
5.30.2019,151,C,2,13,B,29,ANDROPOGON GERARDII,GRASS,0.5,
5.30.2019,151,C,2,13,B,30,ARABIS DIVARICARPA,FORB,0.25,
5.30.2019,151,C,2,13,B,31,CAREX SP,GRAMINOID,3,
5.30.2019,151,C,2,13,B,32,DANTHONIA SPICATA,GRASS,0.25,Questionable ID. Watch as it grows
5.30.2019,151,C,2,13,B,33,EQUISETUM LAEVIGATUM,FORB,0.25,
5.30.2019,151,C,2,13,B,34,LITTER,LITTER,90,
5.30.2019,151,C,2,13,B,35,POA PRATENSIS,GRASS,2,
5.30.2019,151,C,2,13,B,36,SOLIDAGO SP,FORB,0.5,
5.30.2019,151,N5,2,17,C,37,AGROPYRON REPENS,GRASS,30,
5.30.2019,151,N5,2,17,C,38,LITTER,LITTER,55,
5.30.2019,151,N5,2,17,C,39,POA PRATENSIS,GRASS,15,
5.30.2019,151,N5,2,17,C,40,POLYGONUM CONVULVULUS,FORB,0.5,
5.30.2019,151,N1,2,20,D,41,ACHILLEA MILLEFOLIUM,FORB,7,
5.30.2019,151,N1,2,20,D,42,AGROPYRON REPENS,GRASS,35,
5.30.2019,151,N1,2,20,D,43,LITTER,LITTER,50,
5.30.2019,151,N1,2,20,D,44,POA PRATENSIS,GRASS,5,
5.30.2019,151,N10,2,24,C,45,AGROPYRON REPENS,GRASS,30,
5.30.2019,151,N10,2,24,C,46,BARE GROUND,BARE GROUND,6,
5.30.2019,151,N10,2,24,C,47,LITTER,LITTER,50,Plus ~1% vole coverage
5.30.2019,151,N10,2,24,C,48,POA PRATENSIS,GRASS,3,
5.30.2019,151,N10,2,24,C,49,POLYGONUM CONVULVULUS,FORB,10,
5.30.2019,151,C,3,26,A,50,ACHILLEA MILLEFOLIUM,FORB,0.25,
5.30.2019,151,C,3,26,A,51,AGROPYRON REPENS,GRASS,10,
5.30.2019,151,C,3,26,A,52,EQUISETUM LAEVIGATUM,FORB,0.25,
5.30.2019,151,C,3,26,A,53,LITTER,LITTER,85,
5.30.2019,151,C,3,26,A,54,POA PRATENSIS,GRASS,5,
5.30.2019,151,N1,3,29,B,55,ACHILLEA MILLEFOLIUM,FORB,2,
5.30.2019,151,N1,3,29,B,56,AGROPYRON REPENS,GRASS,25,
5.30.2019,151,N1,3,29,B,57,BARE GROUND,BARE GROUND,5,
5.30.2019,151,N1,3,29,B,58,LITTER,LITTER,60,
5.30.2019,151,N1,3,29,B,59,POA PRATENSIS,GRASS,5,
5.30.2019,151,N10,3,32,C,60,AGROPYRON REPENS,GRASS,4,
5.30.2019,151,N10,3,32,C,61,ANDROPOGON GERARDII,GRASS,0.25,
5.30.2019,151,N10,3,32,C,62,LITTER,LITTER,90,
5.30.2019,151,N10,3,32,C,63,POA PRATENSIS,GRASS,3,
5.30.2019,151,N10,3,32,C,64,RUMEX ACETOSELLA,FORB,1,
5.30.2019,151,N5,3,34,C,65,ACHILLEA MILLEFOLIUM,FORB,4,
5.30.2019,151,N5,3,34,C,66,CAREX SP,GRAMINOID,10,
5.30.2019,151,N5,3,34,C,67,EQUISETUM LAEVIGATUM,FORB,0.5,
5.30.2019,151,N5,3,34,C,68,LITTER,LITTER,55,Plus 1 skink
5.30.2019,151,N5,3,34,C,69,POA PRATENSIS,GRASS,10,
5.30.2019,151,N5,3,34,C,70,SOLIDAGO SP,FORB,20,
5.30.2019,151,C,4,39,A,71,ACHILLEA MILLEFOLIUM,FORB,1,
5.30.2019,151,C,4,39,A,72,AGROPYRON REPENS,GRASS,5,
5.30.2019,151,C,4,39,A,73,CAREX SP,GRAMINOID,10,
5.30.2019,151,C,4,39,A,74,LITTER,LITTER,80,
5.30.2019,151,C,4,39,A,75,POA PRATENSIS,GRASS,4,
5.30.2019,151,N1,4,43,A,76,ACHILLEA MILLEFOLIUM,FORB,5,
5.30.2019,151,N1,4,43,A,77,AGROPYRON REPENS,GRASS,3,
5.30.2019,151,N1,4,43,A,78,CAREX SP,GRAMINOID,7,
5.30.2019,151,N1,4,43,A,79,LITTER,LITTER,80,
5.30.2019,151,N1,4,43,A,80,PANICUM OLIGOSANTHES,GRASS,0.5,
5.30.2019,151,N1,4,43,A,81,POA PRATENSIS,GRASS,7,
5.30.2019,151,N1,4,43,A,82,RUMEX ACETOSELLA,FORB,0.5,
5.30.2019,151,N10,4,44,A,83,AGROPYRON REPENS,GRASS,15,
5.30.2019,151,N10,4,44,A,84,ANDROPOGON GERARDII,GRASS,0.5,
5.30.2019,151,N10,4,44,A,85,CAREX SP,GRAMINOID,10,
5.30.2019,151,N10,4,44,A,86,LITTER,LITTER,75,
5.30.2019,151,N10,4,44,A,87,RUMEX ACETOSELLA,FORB,3,
5.30.2019,151,N5,4,48,D,88,ACHILLEA MILLEFOLIUM,FORB,2,
5.30.2019,151,N5,4,48,D,89,AGROPYRON REPENS,GRASS,17,
5.30.2019,151,N5,4,48,D,90,ASCLEPIAS OVALIFOLIA,FORB,0.25,
5.30.2019,151,N5,4,48,D,91,CAREX SP,GRAMINOID,25,
5.30.2019,151,N5,4,48,D,92,LITTER,LITTER,50,
5.30.2019,151,N5,4,48,D,93,POA PRATENSIS,GRASS,3,
5.30.2019,151,N10,5,50,B,94,AGROPYRON REPENS,GRASS,0.25,
5.30.2019,151,N10,5,50,B,95,CAREX SP,GRAMINOID,7,
5.30.2019,151,N10,5,50,B,96,LITTER,LITTER,85,
5.30.2019,151,N10,5,50,B,97,POA PRATENSIS,GRASS,7,
5.30.2019,151,N10,5,50,B,98,RUMEX ACETOSELLA,FORB,1,
5.30.2019,151,N1,5,55,A,99,ACHILLEA MILLEFOLIUM,FORB,5,
5.30.2019,151,N1,5,55,A,100,CAREX SP,GRAMINOID,3,
5.30.2019,151,N1,5,55,A,101,LITTER,LITTER,85,
5.30.2019,151,N1,5,55,A,102,POA PRATENSIS,GRASS,2,
5.30.2019,151,N1,5,55,A,103,RUMEX ACETOSELLA,FORB,1,
5.30.2019,151,N1,5,55,A,104,SOLIDAGO SP,FORB,5,
5.30.2019,151,C,5,58,C,105,CAREX SP,GRAMINOID,5,
5.30.2019,151,C,5,58,C,106,LITTER,LITTER,90,
5.30.2019,151,C,5,58,C,107,POA PRATENSIS,GRASS,5,
5.30.2019,151,N5,5,59,B,108,ACHILLEA MILLEFOLIUM,FORB,0.25,
5.30.2019,151,N5,5,59,B,109,AGROPYRON REPENS,GRASS,12,
5.30.2019,151,N5,5,59,B,110,CAREX SP,GRAMINOID,15,
5.30.2019,151,N5,5,59,B,111,LITTER,LITTER,65,
5.30.2019,151,N5,5,59,B,112,POA PRATENSIS,GRASS,2,
5.30.2019,151,N5,5,59,B,113,RUMEX ACETOSELLA,FORB,1,
5.30.2019,151,N5,5,59,B,114,SMILACINA RACEMOSA,FORB,3,
5.30.2019,151,N5,5,59,B,115,SOLIDAGO SP,FORB,1,
6.18.2019,169,NPK_H,1,1,A,116,ANDROPOGON GERARDII,GRASS,10,
6.18.2019,169,NPK_H,1,1,A,117,CAREX SP,GRAMINOID,3,
6.18.2019,169,NPK_H,1,1,A,118,LITTER,LITTER,80,
6.18.2019,169,NPK_H,1,1,A,119,POA PRATENSIS,GRASS,5,
6.18.2019,169,NPK_H,1,1,A,120,RUMEX ACETOSELLA,FORB,2,
6.18.2019,169,NP,1,2,A,121,ACHILLEA MILLEFOLIUM,FORB,4,
6.18.2019,169,NP,1,2,A,122,AGROPYRON REPENS,GRASS,15,
6.18.2019,169,NP,1,2,A,123,BARE GROUND,BARE GROUND,20,
6.18.2019,169,NP,1,2,A,124,LITTER,LITTER,50,
6.18.2019,169,NP,1,2,A,125,PANICUM OLIGOSANTHES,GRASS,0.5,
6.18.2019,169,NP,1,2,A,126,POA PRATENSIS,GRASS,10,
6.18.2019,169,NP,1,2,A,127,SCHIZACHYRIUM SCOPARIUM,GRASS,1,
6.18.2019,169,NPK,1,3,D,128,AGROPYRON REPENS,GRASS,28,
6.18.2019,169,NPK,1,3,D,129,BARE GROUND,BARE GROUND,3,
6.18.2019,169,NPK,1,3,D,130,BERTEROA INCANA,FORB,1,
6.18.2019,169,NPK,1,3,D,131,LITTER,LITTER,40,
6.18.2019,169,NPK,1,3,D,132,POA PRATENSIS,GRASS,28,
6.18.2019,169,K,1,4,B,133,ACHILLEA MILLEFOLIUM,FORB,4,
6.18.2019,169,K,1,4,B,134,ANDROPOGON GERARDII,GRASS,5,
6.18.2019,169,K,1,4,B,135,ANTENNARIA NEGLECTA,FORB,1,
6.18.2019,169,K,1,4,B,136,CAREX SP,GRAMINOID,3,
6.18.2019,169,K,1,4,B,137,LITTER,LITTER,80,
6.18.2019,169,K,1,4,B,138,PANICUM OLIGOSANTHES,GRASS,1,
6.18.2019,169,K,1,4,B,139,SCHIZACHYRIUM SCOPARIUM,GRASS,4,
6.18.2019,169,K,1,4,B,140,SOLIDAGO SP,FORB,3,
6.18.2019,169,N5,1,5,D,141,ACHILLEA MILLEFOLIUM,FORB,2,
6.18.2019,169,N5,1,5,D,142,ANDROPOGON GERARDII,GRASS,10,
6.18.2019,169,N5,1,5,D,143,ASCLEPIAS SYRIACA,FORB,1,
6.18.2019,169,N5,1,5,D,144,CAREX SP,GRAMINOID,5,
6.18.2019,169,N5,1,5,D,145,LITTER,LITTER,80,
6.18.2019,169,N5,1,5,D,146,POA PRATENSIS,GRASS,2,
6.18.2019,169,N5,1,5,D,147,RUMEX ACETOSELLA,FORB,1,
6.18.2019,169,N5,1,5,D,148,SOLIDAGO SP,FORB,0.25,
6.18.2019,169,PK,1,6,B,149,ACHILLEA MILLEFOLIUM,FORB,2,
6.18.2019,169,PK,1,6,B,150,AGROPYRON REPENS,GRASS,8,
6.18.2019,169,PK,1,6,B,151,ANDROPOGON GERARDII,GRASS,3,
6.18.2019,169,PK,1,6,B,152,LITTER,LITTER,85,
6.18.2019,169,PK,1,6,B,153,POA PRATENSIS,GRASS,2,
6.18.2019,169,N10,1,7,C,154,ANDROPOGON GERARDII,GRASS,6,
6.18.2019,169,N10,1,7,C,155,ANTENNARIA NEGLECTA,FORB,1,
6.18.2019,169,N10,1,7,C,156,BARE GROUND,BARE GROUND,5,
6.18.2019,169,N10,1,7,C,157,CAREX SP,GRAMINOID,4,
6.18.2019,169,N10,1,7,C,158,LITTER,LITTER,75,
6.18.2019,169,N10,1,7,C,159,PANICUM SP,GRASS,1,
6.18.2019,169,N10,1,7,C,160,RUMEX ACETOSELLA,FORB,5,
6.18.2019,169,N10,1,7,C,161,SCHIZACHYRIUM SCOPARIUM,GRASS,2,
6.18.2019,169,P,1,8,A,162,ACHILLEA MILLEFOLIUM,FORB,2,
6.18.2019,169,P,1,8,A,163,ANDROPOGON GERARDII,GRASS,9,
6.18.2019,169,P,1,8,A,164,BARE GROUND,BARE GROUND,5,
6.18.2019,169,P,1,8,A,165,CAREX SP,GRAMINOID,4,
6.18.2019,169,P,1,8,A,166,ERIGERON CANADENSIS,FORB,0.5,
6.18.2019,169,P,1,8,A,167,LESPEDEZA CAPITATA,FORB,0.25,
6.18.2019,169,P,1,8,A,168,LITTER,LITTER,75,
6.18.2019,169,P,1,8,A,169,MYSTERY FORB,FORB,0.5,
6.18.2019,169,P,1,8,A,170,PANICUM SP,GRASS,1,
6.18.2019,169,P,1,8,A,171,POA PRATENSIS,GRASS,3,
6.18.2019,169,P,1,8,A,172,RUMEX ACETOSELLA,FORB,0.25,
6.18.2019,169,P,1,8,A,173,SOLIDAGO SP,FORB,4,
6.18.2019,169,N1,1,9,C,174,ACHILLEA MILLEFOLIUM,FORB,2,
6.18.2019,169,N1,1,9,C,175,AGROPYRON REPENS,GRASS,0.5,
6.18.2019,169,N1,1,9,C,176,ANDROPOGON GERARDII,GRASS,4,
6.18.2019,169,N1,1,9,C,177,ARABIS DIVARICARPA,FORB,0.5,Questionable ID.
6.18.2019,169,N1,1,9,C,178,CAREX SP,GRAMINOID,17,
6.18.2019,169,N1,1,9,C,179,LITTER,LITTER,77,
6.18.2019,169,C_H,1,10,D,180,ACHILLEA MILLEFOLIUM,FORB,3,
6.18.2019,169,C_H,1,10,D,181,ANDROPOGON GERARDII,GRASS,14,
6.18.2019,169,C_H,1,10,D,182,ANTENNARIA NEGLECTA,FORB,1,
6.18.2019,169,C_H,1,10,D,183,CAREX SP,GRAMINOID,2,
6.18.2019,169,C_H,1,10,D,184,EQUISETUM LAEVIGATUM,FORB,0.5,
6.18.2019,169,C_H,1,10,D,185,LESPEDEZA CAPITATA,FORB,0.5,
6.18.2019,169,C_H,1,10,D,186,LITTER,LITTER,75,
6.18.2019,169,C_H,1,10,D,187,SCHIZACHYRIUM SCOPARIUM,GRASS,5,
6.18.2019,169,C_H,1,10,D,188,SOLIDAGO SP,FORB,0.5,
6.18.2019,169,C,1,11,B,189,ACHILLEA MILLEFOLIUM,FORB,4,
6.18.2019,169,C,1,11,B,190,ANDROPOGON GERARDII,GRASS,14,
6.18.2019,169,C,1,11,B,191,ANTENNARIA NEGLECTA,FORB,2,
6.18.2019,169,C,1,11,B,192,BARE GROUND,BARE GROUND,5,
6.18.2019,169,C,1,11,B,193,CAREX SP,GRAMINOID,10,
6.18.2019,169,C,1,11,B,194,LITTER,LITTER,60,
6.18.2019,169,C,1,11,B,195,LYCHNIS ALBA,FORB,2,
6.18.2019,169,C,1,11,B,196,POA PRATENSIS,GRASS,1,
6.18.2019,169,C,1,11,B,197,SOLIDAGO SP,FORB,2,
6.18.2019,169,NK,1,12,D,198,AGROPYRON REPENS,GRASS,40,
6.18.2019,169,NK,1,12,D,199,BARE GROUND,BARE GROUND,4,
6.18.2019,169,NK,1,12,D,200,ERIGERON CANADENSIS,FORB,0.5,
6.18.2019,169,NK,1,12,D,201,LITTER,LITTER,35,
6.18.2019,169,NK,1,12,D,202,POA PRATENSIS,GRASS,20,
6.18.2019,169,NK,1,12,D,203,RUMEX ACETOSELLA,FORB,2,
6.18.2019,169,C,2,13,B,204,ACHILLEA MILLEFOLIUM,FORB,3,
6.18.2019,169,C,2,13,B,205,ANDROPOGON GERARDII,GRASS,10,
6.18.2019,169,C,2,13,B,206,CAREX SP,GRAMINOID,6,
6.18.2019,169,C,2,13,B,207,EQUISETUM LAEVIGATUM,FORB,0.25,
6.18.2019,169,C,2,13,B,208,LITTER,LITTER,75,
6.18.2019,169,C,2,13,B,209,SCHIZACHYRIUM SCOPARIUM,GRASS,5,
6.18.2019,169,C,2,13,B,210,SOLIDAGO SP,FORB,0.25,
6.18.2019,169,NK,2,14,B,211,AGROPYRON REPENS,GRASS,35,
6.18.2019,169,NK,2,14,B,212,BARE GROUND,BARE GROUND,25,
6.18.2019,169,NK,2,14,B,213,ERIGERON CANADENSIS,FORB,8,
6.18.2019,169,NK,2,14,B,214,LITTER,LITTER,16,
6.18.2019,169,NK,2,14,B,215,MYSTERY FORB,FORB,0.25,"Unsure of ID, see pictures. Unknown rosette from seedbank: rosette #2"
6.18.2019,169,NK,2,14,B,216,POA PRATENSIS,GRASS,15,
6.18.2019,169,PK,2,15,B,217,AGROPYRON REPENS,GRASS,10,
6.18.2019,169,PK,2,15,B,218,ANDROPOGON GERARDII,GRASS,2,
6.18.2019,169,PK,2,15,B,219,LITTER,LITTER,85,
6.18.2019,169,PK,2,15,B,220,POA PRATENSIS,GRASS,4,
6.18.2019,169,PK,2,15,B,221,TOXICODENDRON RADICANS,FORB,1,
6.18.2019,169,NP,2,16,A,222,AGROPYRON REPENS,GRASS,30,
6.18.2019,169,NP,2,16,A,223,ANDROPOGON GERARDII,GRASS,2,
6.18.2019,169,NP,2,16,A,224,LITTER,LITTER,70,
6.18.2019,169,NP,2,16,A,225,POA PRATENSIS,GRASS,10,
6.18.2019,169,N5,2,17,C,226,AGROPYRON REPENS,GRASS,60,
6.18.2019,169,N5,2,17,C,227,ANDROPOGON GERARDII,GRASS,2,
6.18.2019,169,N5,2,17,C,228,LITTER,LITTER,50,
6.18.2019,169,N5,2,17,C,229,POA PRATENSIS,GRASS,15,
6.18.2019,169,N5,2,17,C,230,RUMEX ACETOSELLA,FORB,0.25,
6.18.2019,169,NPK,2,18,B,231,AGROPYRON REPENS,GRASS,70,
6.18.2019,169,NPK,2,18,B,232,LITTER,LITTER,50,
6.18.2019,169,NPK,2,18,B,233,POA PRATENSIS,GRASS,3,
6.18.2019,169,NPK,2,18,B,234,POLYGONUM CONVULVULUS,FORB,0.5,
6.18.2019,169,P,2,19,D,235,AGROPYRON REPENS,GRASS,35,
6.18.2019,169,P,2,19,D,236,ANDROPOGON GERARDII,GRASS,2,
6.18.2019,169,P,2,19,D,237,BARE GROUND,BARE GROUND,2,
6.18.2019,169,P,2,19,D,238,CAREX SP,GRAMINOID,5,
6.18.2019,169,P,2,19,D,239,LITTER,LITTER,50,
6.18.2019,169,P,2,19,D,240,POA PRATENSIS,GRASS,7,
6.18.2019,169,P,2,19,D,241,TRIFOLIUM REPENS,LEGUME,0.5,
6.18.2019,169,N1,2,20,D,242,ACHILLEA MILLEFOLIUM,FORB,4,
6.18.2019,169,N1,2,20,D,243,AGROPYRON REPENS,GRASS,60,
6.18.2019,169,N1,2,20,D,244,ANDROPOGON GERARDII,GRASS,2,
6.18.2019,169,N1,2,20,D,245,LITTER,LITTER,40,
6.18.2019,169,N1,2,20,D,246,POA PRATENSIS,GRASS,5,
6.18.2019,169,C_H,2,21,C,247,AGROPYRON REPENS,GRASS,18,
6.18.2019,169,C_H,2,21,C,248,ANDROPOGON GERARDII,GRASS,1,
6.18.2019,169,C_H,2,21,C,249,LITTER,LITTER,75,
6.18.2019,169,C_H,2,21,C,250,POA PRATENSIS,GRASS,6,
6.18.2019,169,K,2,22,C,251,AGROPYRON REPENS,GRASS,40,
6.18.2019,169,K,2,22,C,252,ANDROPOGON GERARDII,GRASS,3,
6.18.2019,169,K,2,22,C,253,BARE GROUND,BARE GROUND,3,
6.18.2019,169,K,2,22,C,254,CAREX SP,GRAMINOID,4,
6.18.2019,169,K,2,22,C,255,EQUISETUM LAEVIGATUM,FORB,0.25,
6.18.2019,169,K,2,22,C,256,LITTER,LITTER,80,
6.18.2019,169,K,2,22,C,257,PANICUM OLIGOSANTHES,GRASS,0.25,
6.18.2019,169,K,2,22,C,258,POA PRATENSIS,GRASS,2,
6.18.2019,169,NPK_H,2,23,C,259,AGROPYRON REPENS,GRASS,30,
6.18.2019,169,NPK_H,2,23,C,260,CHENOPODIUM ALBUM,FORB,1,
6.18.2019,169,NPK_H,2,23,C,261,ERIGERON CANADENSIS,FORB,1,
6.18.2019,169,NPK_H,2,23,C,262,LITTER,LITTER,50,
6.18.2019,169,NPK_H,2,23,C,263,LYCHNIS ALBA,FORB,3,
6.18.2019,169,NPK_H,2,23,C,264,POA PRATENSIS,GRASS,5,
6.18.2019,169,NPK_H,2,23,C,265,POLYGONUM CONVULVULUS,FORB,2,
6.18.2019,169,NPK_H,2,23,C,266,POTENTILLA NORVEGICA,FORB,2,
6.18.2019,169,NPK_H,2,23,C,267,VERBASCUM THAPSUS,FORB,0.5,
6.18.2019,169,N10,2,24,C,268,AGROPYRON REPENS,GRASS,50,
6.18.2019,169,N10,2,24,C,269,BARE GROUND,BARE GROUND,3,
6.18.2019,169,N10,2,24,C,270,LITTER,LITTER,40,
6.18.2019,169,N10,2,24,C,271,POA PRATENSIS,GRASS,4,
6.18.2019,169,N10,2,24,C,272,POLYGONUM CONVULVULUS,FORB,3,
6.18.2019,169,NK,3,25,D,273,ACHILLEA MILLEFOLIUM,FORB,5,
6.18.2019,169,NK,3,25,D,274,AGROPYRON REPENS,GRASS,20,
6.18.2019,169,NK,3,25,D,275,BARE GROUND,BARE GROUND,8,
6.18.2019,169,NK,3,25,D,276,LITTER,LITTER,70,
6.18.2019,169,NK,3,25,D,277,POA PRATENSIS,GRASS,4,
6.18.2019,169,C,3,26,A,278,AGROPYRON REPENS,GRASS,25,
6.18.2019,169,C,3,26,A,279,ANDROPOGON GERARDII,GRASS,2,
6.18.2019,169,C,3,26,A,280,EQUISETUM LAEVIGATUM,FORB,0.25,
6.18.2019,169,C,3,26,A,281,LITTER,LITTER,70,
6.18.2019,169,C,3,26,A,282,POA PRATENSIS,GRASS,4,
6.18.2019,169,C_H,3,27,B,283,AGROPYRON REPENS,GRASS,30,
6.18.2019,169,C_H,3,27,B,284,ANDROPOGON GERARDII,GRASS,1,
6.18.2019,169,C_H,3,27,B,285,LITTER,LITTER,60,
6.18.2019,169,C_H,3,27,B,286,POA PRATENSIS,GRASS,8,
6.18.2019,169,C_H,3,27,B,287,POLYGONUM CONVULVULUS,FORB,0.5,
6.18.2019,169,PK,3,28,D,288,ACHILLEA MILLEFOLIUM,FORB,2,
6.18.2019,169,PK,3,28,D,289,ANEMONE CANADENSIS,FORB,1,
6.18.2019,169,PK,3,28,D,290,EQUISETUM LAEVIGATUM,FORB,1,
6.18.2019,169,PK,3,28,D,291,LITTER,LITTER,60,
6.18.2019,169,PK,3,28,D,292,POA PRATENSIS,GRASS,8,
6.18.2019,169,PK,3,28,D,293,SCHIZACHYRIUM SCOPARIUM,GRASS,5,
6.18.2019,169,PK,3,28,D,294,SISYRINCHIUM CAMPESTRE,FORB,1,
6.18.2019,169,PK,3,28,D,295,SOLIDAGO SP,FORB,20,
6.18.2019,169,N1,3,29,B,296,ACHILLEA MILLEFOLIUM,FORB,2,
6.18.2019,169,N1,3,29,B,297,AGROPYRON REPENS,GRASS,30,
6.18.2019,169,N1,3,29,B,298,ANDROPOGON GERARDII,GRASS,3,
6.18.2019,169,N1,3,29,B,299,BARE GROUND,BARE GROUND,3,
6.18.2019,169,N1,3,29,B,300,LITTER,LITTER,60,
6.18.2019,169,N1,3,29,B,301,PANICUM OLIGOSANTHES,GRASS,0.5,
6.18.2019,169,N1,3,29,B,302,POA PRATENSIS,GRASS,4,
6.18.2019,169,N1,3,29,B,303,SOLIDAGO SP,FORB,1,
6.18.2019,169,K,3,30,D,304,ACHILLEA MILLEFOLIUM,FORB,6,
6.18.2019,169,K,3,30,D,305,AGROPYRON REPENS,GRASS,35,
6.18.2019,169,K,3,30,D,306,ANDROPOGON GERARDII,GRASS,2,
6.18.2019,169,K,3,30,D,307,EQUISETUM LAEVIGATUM,FORB,0.5,
6.18.2019,169,K,3,30,D,308,LITTER,LITTER,50,
6.18.2019,169,K,3,30,D,309,POA PRATENSIS,GRASS,6,
6.18.2019,169,K,3,30,D,310,RUMEX ACETOSELLA,FORB,0.5,
6.18.2019,169,P,3,31,B,311,ACHILLEA MILLEFOLIUM,FORB,1,
6.18.2019,169,P,3,31,B,312,BARE GROUND,BARE GROUND,8,
6.18.2019,169,P,3,31,B,313,LITTER,LITTER,50,
6.18.2019,169,P,3,31,B,314,PANICUM SP,GRASS,2,
6.18.2019,169,P,3,31,B,315,POA PRATENSIS,GRASS,3,
6.18.2019,169,P,3,31,B,316,RUMEX ACETOSELLA,FORB,0.5,
6.18.2019,169,P,3,31,B,317,SCHIZACHYRIUM SCOPARIUM,GRASS,8,
6.18.2019,169,P,3,31,B,318,SOLIDAGO SP,FORB,30,
6.18.2019,169,N10,3,32,C,319,AGROPYRON REPENS,GRASS,8,
6.18.2019,169,N10,3,32,C,320,ANDROPOGON GERARDII,GRASS,16,
6.18.2019,169,N10,3,32,C,321,LITTER,LITTER,75,
6.18.2019,169,N10,3,32,C,322,POA PRATENSIS,GRASS,3,
6.18.2019,169,N10,3,32,C,323,RUMEX ACETOSELLA,FORB,0.5,
6.18.2019,169,N10,3,32,C,324,SOLIDAGO SP,FORB,2,
6.18.2019,169,NPK,3,33,B,325,AGROPYRON REPENS,GRASS,80,
6.18.2019,169,NPK,3,33,B,326,LITTER,LITTER,60,
6.18.2019,169,NPK,3,33,B,327,POA PRATENSIS,GRASS,3,
6.18.2019,169,N5,3,34,C,328,ACHILLEA MILLEFOLIUM,FORB,1,
6.18.2019,169,N5,3,34,C,329,ANDROPOGON GERARDII,GRASS,4,
6.18.2019,169,N5,3,34,C,330,CAREX SP,GRAMINOID,5,
6.18.2019,169,N5,3,34,C,331,EQUISETUM LAEVIGATUM,FORB,1,
6.18.2019,169,N5,3,34,C,332,LITTER,LITTER,50,
6.18.2019,169,N5,3,34,C,333,POA PRATENSIS,GRASS,7,
6.18.2019,169,N5,3,34,C,334,RUMEX ACETOSELLA,FORB,1,
6.18.2019,169,N5,3,34,C,335,SCHIZACHYRIUM SCOPARIUM,GRASS,2,
6.18.2019,169,N5,3,34,C,336,SOLIDAGO SP,FORB,30,
6.18.2019,169,NP,3,35,B,337,AGROPYRON REPENS,GRASS,45,
6.18.2019,169,NP,3,35,B,338,BARE GROUND,BARE GROUND,3,
6.18.2019,169,NP,3,35,B,339,LITTER,LITTER,55,
6.18.2019,169,NP,3,35,B,340,VERBASCUM THAPSUS,FORB,0.25,
6.18.2019,169,NPK_H,3,36,C,341,AGROPYRON REPENS,GRASS,60,
6.18.2019,169,NPK_H,3,36,C,342,LITTER,LITTER,60,
6.18.2019,169,NPK_H,3,36,C,343,POA PRATENSIS,GRASS,1,
6.18.2019,169,NPK_H,3,36,C,344,POLYGONUM CONVULVULUS,FORB,1,
6.18.2019,169,C,4,39,A,345,AGROPYRON REPENS,GRASS,3,
6.18.2019,169,C,4,39,A,346,ANDROPOGON GERARDII,GRASS,15,
6.18.2019,169,C,4,39,A,347,ANEMONE CYLINDRICA,FORB,1,
6.18.2019,169,C,4,39,A,348,ASCLEPIAS OVALIFOLIA,FORB,0.5,
6.18.2019,169,C,4,39,A,349,CAREX SP,GRAMINOID,10,
6.18.2019,169,C,4,39,A,350,LITTER,LITTER,70,
6.18.2019,169,C,4,39,A,351,PANICUM OLIGOSANTHES,GRASS,2,
6.18.2019,169,N1,4,43,A,352,ACHILLEA MILLEFOLIUM,FORB,2,
6.18.2019,169,N1,4,43,A,353,AGROPYRON REPENS,GRASS,10,
6.18.2019,169,N1,4,43,A,354,ANDROPOGON GERARDII,GRASS,15,
6.18.2019,169,N1,4,43,A,355,ASCLEPIAS OVALIFOLIA,FORB,2,
6.18.2019,169,N1,4,43,A,356,CAREX SP,GRAMINOID,8,
6.18.2019,169,N1,4,43,A,357,EQUISETUM LAEVIGATUM,FORB,1,
6.18.2019,169,N1,4,43,A,358,LITTER,LITTER,60,
6.18.2019,169,N1,4,43,A,359,PANICUM OLIGOSANTHES,GRASS,0.5,
6.18.2019,169,N1,4,43,A,360,POA PRATENSIS,GRASS,5,
6.18.2019,169,N1,4,43,A,361,SOLIDAGO SP,FORB,2,
6.18.2019,169,N10,4,44,A,362,AGROPYRON REPENS,GRASS,22,
6.18.2019,169,N10,4,44,A,363,ANDROPOGON GERARDII,GRASS,12,
6.18.2019,169,N10,4,44,A,364,CAREX SP,GRAMINOID,4,
6.18.2019,169,N10,4,44,A,365,LITTER,LITTER,60,
6.18.2019,169,N10,4,44,A,366,POA PRATENSIS,GRASS,2,
6.18.2019,169,N10,4,44,A,367,RUMEX ACETOSELLA,FORB,1,
6.18.2019,169,NPK,4,45,A,368,AGROPYRON REPENS,GRASS,40,
6.18.2019,169,NPK,4,45,A,369,ANDROPOGON GERARDII,GRASS,3,
6.18.2019,169,NPK,4,45,A,370,LITTER,LITTER,60,
6.18.2019,169,NPK,4,45,A,371,POA PRATENSIS,GRASS,5,
6.18.2019,169,N5,4,48,D,372,ACHILLEA MILLEFOLIUM,FORB,1,
6.18.2019,169,N5,4,48,D,373,AGROPYRON REPENS,GRASS,15,
6.18.2019,169,N5,4,48,D,374,ANDROPOGON GERARDII,GRASS,4,
6.18.2019,169,N5,4,48,D,375,ASCLEPIAS SYRIACA,FORB,0.5,
6.18.2019,169,N5,4,48,D,376,CAREX SP,GRAMINOID,25,
6.18.2019,169,N5,4,48,D,377,LITTER,LITTER,50,
6.18.2019,169,N5,4,48,D,378,MYSTERY FORB,FORB,0.5,Hairy stem thin leaves. See pic
6.18.2019,169,N5,4,48,D,379,MYSTERY FORB,FORB,0.5,Hairy stem fat leaves. See pic
6.18.2019,169,N5,4,48,D,380,PANICUM SP,GRASS,2,
6.18.2019,169,N5,4,48,D,381,POA PRATENSIS,GRASS,4,
6.18.2019,169,N10,5,50,B,382,ANDROPOGON GERARDII,GRASS,30,
6.18.2019,169,N10,5,50,B,383,LITTER,LITTER,65,
6.18.2019,169,N10,5,50,B,384,POA PRATENSIS,GRASS,4,
6.18.2019,169,N10,5,50,B,385,RUMEX ACETOSELLA,FORB,2,
6.18.2019,169,N1,5,55,A,386,ACHILLEA MILLEFOLIUM,FORB,4,
6.18.2019,169,N1,5,55,A,387,ANDROPOGON GERARDII,GRASS,8,
6.18.2019,169,N1,5,55,A,388,CAREX SP,GRAMINOID,2,
6.18.2019,169,N1,5,55,A,389,EQUISETUM LAEVIGATUM,FORB,1,
6.18.2019,169,N1,5,55,A,390,LITTER,LITTER,70,
6.18.2019,169,N1,5,55,A,391,POA PRATENSIS,GRASS,3,
6.18.2019,169,N1,5,55,A,392,SOLIDAGO SP,FORB,10,
6.18.2019,169,NPK,5,56,A,393,ACHILLEA MILLEFOLIUM,FORB,0.5,
6.18.2019,169,NPK,5,56,A,394,ANDROPOGON GERARDII,GRASS,10,
6.18.2019,169,NPK,5,56,A,395,CAREX SP,GRAMINOID,3,
6.18.2019,169,NPK,5,56,A,396,LITTER,LITTER,50,
6.18.2019,169,NPK,5,56,A,397,POA PRATENSIS,GRASS,25,
6.18.2019,169,NPK,5,56,A,398,SMILACINA RACEMOSA,FORB,0.5,
6.18.2019,169,NPK,5,56,A,399,SOLIDAGO SP,FORB,20,
6.18.2019,169,C,5,58,C,400,ANDROPOGON GERARDII,GRASS,8,
6.18.2019,169,C,5,58,C,401,CAREX SP,GRAMINOID,6,
6.18.2019,169,C,5,58,C,402,LITTER,LITTER,80,
6.18.2019,169,C,5,58,C,403,PANICUM OLIGOSANTHES,GRASS,0.5,
6.18.2019,169,C,5,58,C,404,SCHIZACHYRIUM SCOPARIUM,GRASS,6,
6.18.2019,169,N5,5,59,B,405,AGROPYRON REPENS,GRASS,20,
6.18.2019,169,N5,5,59,B,406,ANDROPOGON GERARDII,GRASS,8,
6.18.2019,169,N5,5,59,B,407,CAREX SP,GRAMINOID,6,
6.18.2019,169,N5,5,59,B,408,LITTER,LITTER,60,
6.18.2019,169,N5,5,59,B,409,POA PRATENSIS,GRASS,3,
6.18.2019,169,N5,5,59,B,410,RUMEX ACETOSELLA,FORB,0.5,
6.18.2019,169,N5,5,59,B,411,SMILACINA RACEMOSA,FORB,2,
6.18.2019,169,N5,5,59,B,412,SOLIDAGO SP,FORB,1,
6.4.2019,155,NPK_H,1,1,A,413,ANDROPOGON GERARDII,GRASS,1,
6.4.2019,155,NPK_H,1,1,A,414,CAREX SP,GRAMINOID,2,
6.4.2019,155,NPK_H,1,1,A,415,LITTER,LITTER,95,
6.4.2019,155,NPK_H,1,1,A,416,POA PRATENSIS,GRASS,2,
6.4.2019,155,NPK_H,1,1,A,417,RUMEX ACETOSELLA,FORB,1,
6.4.2019,155,NP,1,2,A,418,ACHILLEA MILLEFOLIUM,FORB,3,
6.4.2019,155,NP,1,2,A,419,AGROPYRON REPENS,GRASS,10,
6.4.2019,155,NP,1,2,A,420,BARE GROUND,BARE GROUND,15,
6.4.2019,155,NP,1,2,A,421,LITTER,LITTER,50,
6.4.2019,155,NP,1,2,A,422,POA PRATENSIS,GRASS,20,
6.4.2019,155,NPK,1,3,D,423,AGROPYRON REPENS,GRASS,30,
6.4.2019,155,NPK,1,3,D,424,BERTEROA INCANA,FORB,2,
6.4.2019,155,NPK,1,3,D,425,LITTER,LITTER,40,
6.4.2019,155,NPK,1,3,D,426,POA PRATENSIS,GRASS,25,
6.4.2019,155,NPK,1,3,D,427,RUMEX ACETOSELLA,FORB,1,
6.4.2019,155,K,1,4,B,428,ACHILLEA MILLEFOLIUM,FORB,1,
6.4.2019,155,K,1,4,B,429,ANDROPOGON GERARDII,GRASS,0.5,
6.4.2019,155,K,1,4,B,430,CAREX SP,GRAMINOID,0.25,
6.4.2019,155,K,1,4,B,431,LESPEDEZA CAPITATA,FORB,0.25,
6.4.2019,155,K,1,4,B,432,LITTER,LITTER,95,
6.4.2019,155,K,1,4,B,433,PANICUM OLIGOSANTHES,GRASS,0.25,
6.4.2019,155,K,1,4,B,434,POA PRATENSIS,GRASS,1,
6.4.2019,155,K,1,4,B,435,SCHIZACHYRIUM SCOPARIUM,GRASS,0.5,
6.4.2019,155,K,1,4,B,436,SOLIDAGO SP,FORB,2,
6.4.2019,155,PK,1,6,B,437,ACHILLEA MILLEFOLIUM,FORB,0.5,
6.4.2019,155,PK,1,6,B,438,AGROPYRON REPENS,GRASS,2,
6.4.2019,155,PK,1,6,B,439,ANDROPOGON GERARDII,GRASS,0.25,
6.4.2019,155,PK,1,6,B,440,EQUISETUM LAEVIGATUM,FORB,0.25,
6.4.2019,155,PK,1,6,B,441,LITTER,LITTER,95,
6.4.2019,155,PK,1,6,B,442,POA PRATENSIS,GRASS,2,
6.4.2019,155,P,1,8,A,443,ACHILLEA MILLEFOLIUM,FORB,1,
6.4.2019,155,P,1,8,A,444,ANDROPOGON GERARDII,GRASS,0.5,
6.4.2019,155,P,1,8,A,445,BARE GROUND,BARE GROUND,5,
6.4.2019,155,P,1,8,A,446,CAREX SP,GRAMINOID,0.25,
6.4.2019,155,P,1,8,A,447,LITTER,LITTER,90,
6.4.2019,155,P,1,8,A,448,PANICUM OLIGOSANTHES,GRASS,0.5,
6.4.2019,155,P,1,8,A,449,POA PRATENSIS,GRASS,1,
6.4.2019,155,P,1,8,A,450,RUMEX ACETOSELLA,FORB,0.25,
6.4.2019,155,P,1,8,A,451,SISYRINCHIUM CAMPESTRE,FORB,0.5,Questionable ID. Watch as it grows and see pics
6.4.2019,155,P,1,8,A,452,SOLIDAGO SP,FORB,1.5,
6.4.2019,155,P,1,8,A,453,SOLIDAGO SP (Long and thin leaves),FORB,1.5,
6.4.2019,155,C_H,1,10,D,454,ACHILLEA MILLEFOLIUM,FORB,1,
6.4.2019,155,C_H,1,10,D,455,ANDROPOGON GERARDII,GRASS,1,
6.4.2019,155,C_H,1,10,D,456,ANTENNARIA NEGLECTA,FORB,0.5,
6.4.2019,155,C_H,1,10,D,457,CAREX SP,GRAMINOID,0.5,
6.4.2019,155,C_H,1,10,D,458,EQUISETUM LAEVIGATUM,FORB,0.5,
6.4.2019,155,C_H,1,10,D,459,LITTER,LITTER,95,
6.4.2019,155,C_H,1,10,D,460,POA PRATENSIS,GRASS,2,
6.4.2019,155,C_H,1,10,D,461,SOLIDAGO SP,FORB,0.25,
6.4.2019,155,NK,1,12,D,462,AGROPYRON REPENS,GRASS,35,
6.4.2019,155,NK,1,12,D,463,BARE GROUND,BARE GROUND,2,
6.4.2019,155,NK,1,12,D,464,BRYOPHYTE,BRYOPHYTE,2,
6.4.2019,155,NK,1,12,D,465,ERIGERON CANADENSIS,FORB,0.5,
6.4.2019,155,NK,1,12,D,466,LITTER,LITTER,25,
6.4.2019,155,NK,1,12,D,467,POA PRATENSIS,GRASS,30,
6.4.2019,155,NK,1,12,D,468,RUMEX ACETOSELLA,FORB,3,
6.4.2019,155,NK,1,12,D,469,SCHIZACHYRIUM SCOPARIUM,GRASS,3,
6.4.2019,155,NK,2,14,B,470,AGROPYRON REPENS,GRASS,30,
6.4.2019,155,NK,2,14,B,471,BARE GROUND,BARE GROUND,25,
6.4.2019,155,NK,2,14,B,472,ERIGERON CANADENSIS,FORB,5,
6.4.2019,155,NK,2,14,B,473,LITTER,LITTER,20,
6.4.2019,155,NK,2,14,B,474,POA PRATENSIS,GRASS,20,
6.4.2019,155,PK,2,15,B,475,AGROPYRON REPENS,GRASS,7,
6.4.2019,155,PK,2,15,B,476,LITTER,LITTER,90,
6.4.2019,155,PK,2,15,B,477,POA PRATENSIS,GRASS,3,
6.4.2019,155,NP,2,16,A,478,AGROPYRON REPENS,GRASS,22,
6.4.2019,155,NP,2,16,A,479,ANDROPOGON GERARDII,GRASS,1,
6.4.2019,155,NP,2,16,A,480,LITTER,LITTER,65,
6.4.2019,155,NP,2,16,A,481,POA PRATENSIS,GRASS,12,
6.4.2019,155,NPK,2,18,B,482,AGROPYRON REPENS,GRASS,50,
6.4.2019,155,NPK,2,18,B,483,ANDROPOGON GERARDII,GRASS,0.5,
6.4.2019,155,NPK,2,18,B,484,LITTER,LITTER,45,
6.4.2019,155,NPK,2,18,B,485,POA PRATENSIS,GRASS,2,
6.4.2019,155,NPK,2,18,B,486,POLYGONUM CONVULVULUS,FORB,0.25,
6.4.2019,155,NPK,2,18,B,487,SOLIDAGO SP,FORB,0.25,
6.4.2019,155,P,2,19,D,488,ACHILLEA MILLEFOLIUM,FORB,0.5,
6.4.2019,155,P,2,19,D,489,AGROPYRON REPENS,GRASS,20,
6.4.2019,155,P,2,19,D,490,AGROSTIS SP,GRASS,0.25,
6.4.2019,155,P,2,19,D,491,ANDROPOGON GERARDII,GRASS,2,
6.4.2019,155,P,2,19,D,492,BARE GROUND,BARE GROUND,5,
6.4.2019,155,P,2,19,D,493,CAREX SP,GRAMINOID,0.25,
6.4.2019,155,P,2,19,D,494,ERIGERON CANADENSIS,FORB,0.25,
6.4.2019,155,P,2,19,D,495,LITTER,LITTER,60,
6.4.2019,155,P,2,19,D,496,POA PRATENSIS,GRASS,12,
6.4.2019,155,P,2,19,D,497,RUMEX ACETOSELLA,FORB,0.5,
6.4.2019,155,P,2,19,D,498,TRIFOLIUM REPENS,LEGUME,0.25,
6.4.2019,155,C_H,2,21,C,499,AGROPYRON REPENS,GRASS,20,
6.4.2019,155,C_H,2,21,C,500,LITTER,LITTER,75,
6.4.2019,155,C_H,2,21,C,501,POA PRATENSIS,GRASS,4,
6.4.2019,155,C_H,2,21,C,502,POLYGONUM CONVULVULUS,FORB,0.5,
6.4.2019,155,C_H,2,21,C,503,SCHIZACHYRIUM SCOPARIUM,GRASS,0.25,
6.4.2019,155,C_H,2,21,C,504,UNKNOWN FORB,FORB,0.25,
6.4.2019,155,K,2,22,C,505,ACHILLEA MILLEFOLIUM,FORB,0.25,
6.4.2019,155,K,2,22,C,506,AGROPYRON REPENS,GRASS,20,
6.4.2019,155,K,2,22,C,507,BARE GROUND,BARE GROUND,3,
6.4.2019,155,K,2,22,C,508,CAREX SP,GRAMINOID,0.25,
6.4.2019,155,K,2,22,C,509,EQUISETUM LAEVIGATUM,FORB,0.25,
6.4.2019,155,K,2,22,C,510,LITTER,LITTER,70,
6.4.2019,155,K,2,22,C,511,PANICUM OLIGOSANTHES,GRASS,2,
6.4.2019,155,K,2,22,C,512,POA PRATENSIS,GRASS,1,
6.4.2019,155,K,2,22,C,513,UNKNOWN FORB,FORB,0.25,
6.4.2019,155,NPK_H,2,23,C,514,AGROPYRON REPENS,GRASS,25,
6.4.2019,155,NPK_H,2,23,C,515,BARE GROUND,BARE GROUND,7,
6.4.2019,155,NPK_H,2,23,C,516,CHENOPODIUM ALBUM,FORB,0.5,
6.4.2019,155,NPK_H,2,23,C,517,ERIGERON CANADENSIS,FORB,1,
6.4.2019,155,NPK_H,2,23,C,518,LITTER,LITTER,50,
6.4.2019,155,NPK_H,2,23,C,519,LYCHNIS ALBA,FORB,4,
6.4.2019,155,NPK_H,2,23,C,520,POA PRATENSIS,GRASS,5,
6.4.2019,155,NPK_H,2,23,C,521,POLYGONUM CONVULVULUS,FORB,2,
6.4.2019,155,NPK_H,2,23,C,522,POTENTILLA NORVEGICA,FORB,5,
6.4.2019,155,NPK_H,2,23,C,523,VERBASCUM THAPSUS,FORB,0.5,
6.4.2019,155,NK,3,25,D,524,ACHILLEA MILLEFOLIUM,FORB,5,
6.4.2019,155,NK,3,25,D,525,AGROPYRON REPENS,GRASS,15,
6.4.2019,155,NK,3,25,D,526,BARE GROUND,BARE GROUND,20,
6.4.2019,155,NK,3,25,D,527,LITTER,LITTER,55,
6.4.2019,155,NK,3,25,D,528,POA PRATENSIS,GRASS,5,
6.4.2019,155,NK,3,25,D,529,RUMEX ACETOSELLA,FORB,0.5,
6.4.2019,155,NK,3,25,D,530,SCHIZACHYRIUM SCOPARIUM,GRASS,0.5,
6.4.2019,155,C_H,3,27,B,531,AGROPYRON REPENS,GRASS,30,
6.4.2019,155,C_H,3,27,B,532,LITTER,LITTER,65,
6.4.2019,155,C_H,3,27,B,533,POA PRATENSIS,GRASS,4,
6.4.2019,155,C_H,3,27,B,534,POLYGONUM CONVULVULUS,FORB,0.5,
6.4.2019,155,PK,3,28,D,535,ACHILLEA MILLEFOLIUM,FORB,0.5,
6.4.2019,155,PK,3,28,D,536,ANDROPOGON GERARDII,GRASS,1,
6.4.2019,155,PK,3,28,D,537,ANEMONE CANADENSIS,FORB,1,
6.4.2019,155,PK,3,28,D,538,EQUISETUM LAEVIGATUM,FORB,1,
6.4.2019,155,PK,3,28,D,539,LITTER,LITTER,80,
6.4.2019,155,PK,3,28,D,540,POA PRATENSIS,GRASS,5,
6.4.2019,155,PK,3,28,D,541,SOLIDAGO SP,FORB,10,
6.4.2019,155,K,3,30,D,542,ACHILLEA MILLEFOLIUM,FORB,5,
6.4.2019,155,K,3,30,D,543,AGROPYRON REPENS,GRASS,30,
6.4.2019,155,K,3,30,D,544,ANDROPOGON GERARDII,GRASS,2,
6.4.2019,155,K,3,30,D,545,LITTER,LITTER,50,
6.4.2019,155,K,3,30,D,546,POA PRATENSIS,GRASS,10,
6.4.2019,155,K,3,30,D,547,RUMEX ACETOSELLA,FORB,1,
6.4.2019,155,K,3,30,D,548,SOLIDAGO SP,FORB,1,
6.4.2019,155,P,3,31,B,549,ACHILLEA MILLEFOLIUM,FORB,1,
6.4.2019,155,P,3,31,B,550,BARE GROUND,BARE GROUND,10,
6.4.2019,155,P,3,31,B,551,LITTER,LITTER,75,
6.4.2019,155,P,3,31,B,552,RUMEX ACETOSELLA,FORB,1,
6.4.2019,155,P,3,31,B,553,SCHIZACHYRIUM SCOPARIUM,GRASS,0.5,
6.4.2019,155,P,3,31,B,554,SOLIDAGO SP,FORB,15,
6.4.2019,155,NPK,3,33,B,555,AGROPYRON REPENS,GRASS,82,
6.4.2019,155,NPK,3,33,B,556,LITTER,LITTER,15,
6.4.2019,155,NPK,3,33,B,557,MYS WAXY FORB,FORB,1,See pictures. Unknown ID
6.4.2019,155,NPK,3,33,B,558,POA PRATENSIS,GRASS,1,
6.4.2019,155,NPK,3,33,B,559,POLYGONUM CONVULVULUS,FORB,0.25,
6.4.2019,155,NP,3,35,B,560,AGROPYRON REPENS,GRASS,30,
6.4.2019,155,NP,3,35,B,561,BARE GROUND,BARE GROUND,5,
6.4.2019,155,NP,3,35,B,562,LITTER,LITTER,60,
6.4.2019,155,NP,3,35,B,563,POA PRATENSIS,GRASS,5,
6.4.2019,155,NP,3,35,B,564,RUMEX ACETOSELLA,FORB,0.5,
6.4.2019,155,NPK_H,3,36,C,565,AGROPYRON REPENS,GRASS,60,
6.4.2019,155,NPK_H,3,36,C,566,CAREX SP,GRAMINOID,0.5,
6.4.2019,155,NPK_H,3,36,C,567,LITTER,LITTER,40,
6.4.2019,155,NPK_H,3,36,C,568,POLYGONUM CONVULVULUS,FORB,0.25,
6.4.2019,155,NPK,4,45,A,569,AGROPYRON REPENS,GRASS,45,
6.4.2019,155,NPK,4,45,A,570,ANDROPOGON GERARDII,GRASS,1,
6.4.2019,155,NPK,4,45,A,571,LITTER,LITTER,50,
6.4.2019,155,NPK,4,45,A,572,POA PRATENSIS,GRASS,3,
6.4.2019,155,NPK,4,45,A,573,SCHIZACHYRIUM SCOPARIUM,GRASS,0.25,
6.4.2019,155,NPK,5,56,A,574,ACHILLEA MILLEFOLIUM,FORB,3,
6.4.2019,155,NPK,5,56,A,575,LITTER,LITTER,50,
6.4.2019,155,NPK,5,56,A,576,POA PRATENSIS,GRASS,35,
6.4.2019,155,NPK,5,56,A,577,RUMEX ACETOSELLA,FORB,1,
6.4.2019,155,NPK,5,56,A,578,SOLIDAGO SP,FORB,10,
7.10.2019,191,NK,3,25,D,579,ACHILLEA MILLEFOLIUM,FORB,8,
7.10.2019,191,NK,3,25,D,580,AGROPYRON REPENS,GRASS,20,
7.10.2019,191,NK,3,25,D,581,BARE GROUND,BARE GROUND,15,
7.10.2019,191,NK,3,25,D,582,BERTEROA INCANA,FORB,0.5,
7.10.2019,191,NK,3,25,D,583,LITTER,LITTER,55,
7.10.2019,191,NK,3,25,D,584,PANICUM OLIGOSANTHES,GRASS,4,
7.10.2019,191,NK,3,25,D,585,POA PRATENSIS,GRASS,4,
7.10.2019,191,NK,3,25,D,586,VERBASCUM THAPSUS,FORB,1.5,
7.10.2019,191,C,3,26,A,587,ACHILLEA MILLEFOLIUM,FORB,2,
7.10.2019,191,C,3,26,A,588,AGROPYRON REPENS,GRASS,15,
7.10.2019,191,C,3,26,A,589,ANDROPOGON GERARDII,GRASS,25,
7.10.2019,191,C,3,26,A,590,LITTER,LITTER,65,
7.10.2019,191,C,3,26,A,591,PANICUM OLIGOSANTHES,GRASS,2,
7.10.2019,191,C,3,26,A,592,POA PRATENSIS,GRASS,2,
7.10.2019,191,C,3,26,A,593,SCHIZACHYRIUM SCOPARIUM,GRASS,8,
7.10.2019,191,C_H,3,27,B,594,AGROPYRON REPENS,GRASS,60,
7.10.2019,191,C_H,3,27,B,595,ANDROPOGON GERARDII,GRASS,4,
7.10.2019,191,C_H,3,27,B,596,LITTER,LITTER,50,
7.10.2019,191,C_H,3,27,B,597,POA PRATENSIS,GRASS,8,
7.10.2019,191,C_H,3,27,B,598,POLYGONUM CONVULVULUS,FORB,0.5,
7.10.2019,191,PK,3,28,D,599,EQUISETUM LAEVIGATUM,FORB,1,
7.10.2019,191,PK,3,28,D,600,LITTER,LITTER,30,
7.10.2019,191,PK,3,28,D,601,PANICUM OLIGOSANTHES,GRASS,0.5,
7.10.2019,191,PK,3,28,D,602,POA PRATENSIS,GRASS,1,
7.10.2019,191,PK,3,28,D,603,SCHIZACHYRIUM SCOPARIUM,GRASS,40,
7.10.2019,191,PK,3,28,D,604,SOLIDAGO SP,FORB,30,
7.10.2019,191,N1,3,29,B,605,ACHILLEA MILLEFOLIUM,FORB,2,
7.10.2019,191,N1,3,29,B,606,AGROPYRON REPENS,GRASS,25,
7.10.2019,191,N1,3,29,B,607,ANDROPOGON GERARDII,GRASS,5,
7.10.2019,191,N1,3,29,B,608,BARE GROUND,BARE GROUND,5,
7.10.2019,191,N1,3,29,B,609,LITTER,LITTER,65,
7.10.2019,191,N1,3,29,B,610,POA PRATENSIS,GRASS,5,
7.10.2019,191,N1,3,29,B,611,SOLIDAGO SP,FORB,2,
7.10.2019,191,K,3,30,D,612,ACHILLEA MILLEFOLIUM,FORB,3,
7.10.2019,191,K,3,30,D,613,AGROPYRON REPENS,GRASS,25,
7.10.2019,191,K,3,30,D,614,ANDROPOGON GERARDII,GRASS,10,
7.10.2019,191,K,3,30,D,615,ASCLEPIAS OVALIFOLIA,FORB,2,
7.10.2019,191,K,3,30,D,616,EQUISETUM LAEVIGATUM,FORB,0.25,
7.10.2019,191,K,3,30,D,617,LITTER,LITTER,50,
7.10.2019,191,K,3,30,D,618,PANICUM OLIGOSANTHES,GRASS,2,
7.10.2019,191,K,3,30,D,619,POA PRATENSIS,GRASS,10,
7.10.2019,191,K,3,30,D,620,RUMEX ACETOSELLA,FORB,1,
7.10.2019,191,P,3,31,B,621,ACHILLEA MILLEFOLIUM,FORB,2,
7.10.2019,191,P,3,31,B,622,BARE GROUND,BARE GROUND,10,
7.10.2019,191,P,3,31,B,623,ERIGERON STRIGOSUS,FORB,0.5,QUESTIONABLE ID
7.10.2019,191,P,3,31,B,624,LITTER,LITTER,30,
7.10.2019,191,P,3,31,B,625,PANICUM OLIGOSANTHES,GRASS,0.5,
7.10.2019,191,P,3,31,B,626,RUMEX ACETOSELLA,FORB,0.5,
7.10.2019,191,P,3,31,B,627,SCHIZACHYRIUM SCOPARIUM,GRASS,35,
7.10.2019,191,P,3,31,B,628,SOLIDAGO SP,FORB,40,
7.10.2019,191,N10,3,32,C,629,AGROPYRON REPENS,GRASS,15,
7.10.2019,191,N10,3,32,C,630,ANDROPOGON GERARDII,GRASS,30,
7.10.2019,191,N10,3,32,C,631,LITTER,LITTER,50,
7.10.2019,191,N10,3,32,C,632,POA PRATENSIS,GRASS,8,
7.10.2019,191,N10,3,32,C,633,RUMEX ACETOSELLA,FORB,4,
7.10.2019,191,N10,3,32,C,634,SOLIDAGO SP,FORB,2,
7.10.2019,191,NPK,3,33,B,635,ACHILLEA MILLEFOLIUM,FORB,1,
7.10.2019,191,NPK,3,33,B,636,AGROPYRON REPENS,GRASS,80,
7.10.2019,191,NPK,3,33,B,637,LITTER,LITTER,25,
7.10.2019,191,NPK,3,33,B,638,MYS WAXY FORB,FORB,1.5,
7.10.2019,191,NPK,3,33,B,639,POLYGONUM CONVULVULUS,FORB,5,
7.10.2019,191,N5,3,34,C,640,ACHILLEA MILLEFOLIUM,FORB,3,
7.10.2019,191,N5,3,34,C,641,ANDROPOGON GERARDII,GRASS,8,
7.10.2019,191,N5,3,34,C,642,CAREX SP,GRAMINOID,5,
7.10.2019,191,N5,3,34,C,643,EQUISETUM LAEVIGATUM,FORB,1,
7.10.2019,191,N5,3,34,C,644,LITTER,LITTER,30,
7.10.2019,191,N5,3,34,C,645,POA PRATENSIS,GRASS,5,
7.10.2019,191,N5,3,34,C,646,POPULUS DELTOIDES,NULL,1,
7.10.2019,191,N5,3,34,C,647,RUMEX ACETOSELLA,FORB,0.5,
7.10.2019,191,N5,3,34,C,648,SCHIZACHYRIUM SCOPARIUM,GRASS,15,
7.10.2019,191,N5,3,34,C,649,SOLIDAGO SP,FORB,40,
7.10.2019,191,NP,3,35,B,650,AGROPYRON REPENS,GRASS,55,
7.10.2019,191,NP,3,35,B,651,BARE GROUND,BARE GROUND,15,
7.10.2019,191,NP,3,35,B,652,LITTER,LITTER,60,
7.10.2019,191,NP,3,35,B,653,RUMEX ACETOSELLA,FORB,2,
7.10.2019,191,NPK_H,3,36,C,654,AGROPYRON REPENS,GRASS,60,
7.10.2019,191,NPK_H,3,36,C,655,CAREX SP,GRAMINOID,5,
7.10.2019,191,NPK_H,3,36,C,656,CHENOPODIUM ALBUM,FORB,0.25,
7.10.2019,191,NPK_H,3,36,C,657,LITTER,LITTER,50,
7.10.2019,191,NPK_H,3,36,C,658,POLYGONUM CONVULVULUS,FORB,2,
7.10.2019,191,C,4,39,A,659,ACHILLEA MILLEFOLIUM,FORB,1,
7.10.2019,191,C,4,39,A,660,AGROPYRON REPENS,GRASS,3,
7.10.2019,191,C,4,39,A,661,ANDROPOGON GERARDII,GRASS,12,
7.10.2019,191,C,4,39,A,662,ANEMONE CYLINDRICA,FORB,2,
7.10.2019,191,C,4,39,A,663,ASCLEPIAS OVALIFOLIA,FORB,5,
7.10.2019,191,C,4,39,A,664,CAREX SP,GRAMINOID,15,
7.10.2019,191,C,4,39,A,665,LITTER,LITTER,55,
7.10.2019,191,C,4,39,A,666,PANICUM OLIGOSANTHES,GRASS,5,
7.10.2019,191,C,4,39,A,667,SCHIZACHYRIUM SCOPARIUM,GRASS,1,
7.10.2019,191,N1,4,43,A,668,ACHILLEA MILLEFOLIUM,FORB,5,
7.10.2019,191,N1,4,43,A,669,AGROPYRON REPENS,GRASS,3,
7.10.2019,191,N1,4,43,A,670,ANDROPOGON GERARDII,GRASS,50,
7.10.2019,191,N1,4,43,A,671,ASCLEPIAS OVALIFOLIA,FORB,2,
7.10.2019,191,N1,4,43,A,672,CAREX SP,GRAMINOID,10,
7.10.2019,191,N1,4,43,A,673,LITTER,LITTER,45,
7.10.2019,191,N1,4,43,A,674,PANICUM OLIGOSANTHES,GRASS,1,
7.10.2019,191,N1,4,43,A,675,POA PRATENSIS,GRASS,3,
7.10.2019,191,N1,4,43,A,676,SOLIDAGO SP,FORB,2,
7.10.2019,191,N10,4,44,A,677,AGROPYRON REPENS,GRASS,20,
7.10.2019,191,N10,4,44,A,678,ANDROPOGON GERARDII,GRASS,20,
7.10.2019,191,N10,4,44,A,679,CAREX SP,GRAMINOID,15,
7.10.2019,191,N10,4,44,A,680,LITTER,LITTER,55,
7.10.2019,191,N10,4,44,A,681,RUMEX ACETOSELLA,FORB,5,
7.10.2019,191,NPK,4,45,A,682,AGROPYRON REPENS,GRASS,50,
7.10.2019,191,NPK,4,45,A,683,LITTER,LITTER,60,
7.10.2019,191,NPK,4,45,A,684,POA PRATENSIS,GRASS,5,
7.10.2019,191,N5,4,48,D,685,ACHILLEA MILLEFOLIUM,FORB,4,
7.10.2019,191,N5,4,48,D,686,AGROPYRON REPENS,GRASS,12,
7.10.2019,191,N5,4,48,D,687,ANDROPOGON GERARDII,GRASS,5,
7.10.2019,191,N5,4,48,D,688,CAREX SP,GRAMINOID,25,
7.10.2019,191,N5,4,48,D,689,ERIGERON CANADENSIS,FORB,2,
7.10.2019,191,N5,4,48,D,690,LITTER,LITTER,45,
7.10.2019,191,N5,4,48,D,691,PHYSALIS VIRGINIANA,FORB,4,iPhone picture
7.10.2019,191,N5,4,48,D,692,PANICUM OLIGOSANTHES,GRASS,2,
7.10.2019,191,N5,4,48,D,693,POA PRATENSIS,GRASS,5,
7.10.2019,191,N5,4,48,D,694,ROSA ARKANSANA,WOODY,3,
7.10.2019,191,N10,5,50,B,695,ANDROPOGON GERARDII,GRASS,40,
7.10.2019,191,N10,5,50,B,696,CAREX SP,GRAMINOID,8,
7.10.2019,191,N10,5,50,B,697,LITTER,LITTER,45,
7.10.2019,191,N10,5,50,B,698,PANICUM OLIGOSANTHES,GRASS,0.25,
7.10.2019,191,N10,5,50,B,699,POA PRATENSIS,GRASS,5,
7.10.2019,191,N10,5,50,B,700,RUMEX ACETOSELLA,FORB,7,
7.10.2019,191,N1,5,55,A,701,ACHILLEA MILLEFOLIUM,FORB,7,
7.10.2019,191,N1,5,55,A,702,ANDROPOGON GERARDII,GRASS,15,
7.10.2019,191,N1,5,55,A,703,ASCLEPIAS SYRIACA,FORB,4,
7.10.2019,191,N1,5,55,A,704,CAREX SP,GRAMINOID,7,
7.10.2019,191,N1,5,55,A,705,EQUISETUM LAEVIGATUM,FORB,0.5,
7.10.2019,191,N1,5,55,A,706,LITTER,LITTER,45,
7.10.2019,191,N1,5,55,A,707,PANICUM OLIGOSANTHES,GRASS,2,
7.10.2019,191,N1,5,55,A,708,RUMEX ACETOSELLA,FORB,4,
7.10.2019,191,N1,5,55,A,709,SCHIZACHYRIUM SCOPARIUM,GRASS,10,
7.10.2019,191,N1,5,55,A,710,SOLIDAGO SP,FORB,15,
7.10.2019,191,NPK,5,56,A,711,ANDROPOGON GERARDII,GRASS,8,
7.10.2019,191,NPK,5,56,A,712,ASCLEPIAS SYRIACA,FORB,7,
7.10.2019,191,NPK,5,56,A,713,LITTER,LITTER,45,
7.10.2019,191,NPK,5,56,A,714,POA PRATENSIS,GRASS,40,
7.10.2019,191,NPK,5,56,A,715,RUMEX ACETOSELLA,FORB,0.25,
7.10.2019,191,NPK,5,56,A,716,SOLIDAGO SP,FORB,5,
7.10.2019,191,C,5,58,C,717,ACER SP,NULL,0.25,
7.10.2019,191,C,5,58,C,718,ANDROPOGON GERARDII,GRASS,12,
7.10.2019,191,C,5,58,C,719,ASCLEPIAS OVALIFOLIA,FORB,0.5,
7.10.2019,191,C,5,58,C,720,CAREX SP,GRAMINOID,8,
7.10.2019,191,C,5,58,C,721,LITTER,LITTER,60,
7.10.2019,191,C,5,58,C,722,PANICUM OLIGOSANTHES,GRASS,2,
7.10.2019,191,C,5,58,C,723,POA PRATENSIS,GRASS,3,
7.10.2019,191,C,5,58,C,724,RUMEX ACETOSELLA,FORB,0.25,
7.10.2019,191,C,5,58,C,725,SCHIZACHYRIUM SCOPARIUM,GRASS,15,
7.10.2019,191,N5,5,59,B,726,ACHILLEA MILLEFOLIUM,FORB,1,
7.10.2019,191,N5,5,59,B,727,AGROPYRON REPENS,GRASS,10,
7.10.2019,191,N5,5,59,B,728,ANDROPOGON GERARDII,GRASS,20,
7.10.2019,191,N5,5,59,B,729,CAREX SP,GRAMINOID,17,
7.10.2019,191,N5,5,59,B,730,LITTER,LITTER,60,
7.10.2019,191,N5,5,59,B,731,RUMEX ACETOSELLA,FORB,6,
7.10.2019,191,N5,5,59,B,732,SMILACINA RACEMOSA,FORB,5,
7.10.2019,191,N5,5,59,B,733,SOLIDAGO SP,FORB,3,
7.23.2019,204,NK,3,25,D,734,AGROPYRON REPENS,GRASS,15,
7.23.2019,204,NK,3,25,D,735,BARE GROUND,BARE GROUND,8,
7.23.2019,204,NK,3,25,D,736,LITTER,LITTER,80,
7.23.2019,204,NK,3,25,D,737,PANICUM OLIGOSANTHES,GRASS,2,
7.23.2019,204,NK,3,25,D,738,POA PRATENSIS,GRASS,4,
7.23.2019,204,NK,3,25,D,739,RUMEX ACETOSELLA,FORB,0.25,
7.23.2019,204,NK,3,25,D,740,VERBASCUM THAPSUS,FORB,3,
7.23.2019,204,C,3,26,A,741,ACHILLEA MILLEFOLIUM,FORB,2,
7.23.2019,204,C,3,26,A,742,AGROPYRON REPENS,GRASS,20,
7.23.2019,204,C,3,26,A,743,AGROSTIS CAPILLARIS,GRASS,1,
7.23.2019,204,C,3,26,A,744,ANDROPOGON GERARDII,GRASS,30,
7.23.2019,204,C,3,26,A,745,EQUISETUM LAEVIGATUM,FORB,1,
7.23.2019,204,C,3,26,A,746,LITTER,LITTER,65,
7.23.2019,204,C,3,26,A,747,PANICUM OLIGOSANTHES,GRASS,2,
7.23.2019,204,C,3,26,A,748,SCHIZACHYRIUM SCOPARIUM,GRASS,10,
7.23.2019,204,C_H,3,27,B,749,AGROPYRON REPENS,GRASS,15,
7.23.2019,204,C_H,3,27,B,750,ANDROPOGON GERARDII,GRASS,10,
7.23.2019,204,C_H,3,27,B,751,LITTER,LITTER,60,
7.23.2019,204,C_H,3,27,B,752,MOLLUGO VERTICILLATA,FORB,1,
7.23.2019,204,C_H,3,27,B,753,POA PRATENSIS,GRASS,25,
7.23.2019,204,C_H,3,27,B,754,POLYGONUM CONVULVULUS,FORB,1,
7.23.2019,204,PK,3,28,D,755,ACHILLEA MILLEFOLIUM,FORB,2,
7.23.2019,204,PK,3,28,D,756,AGROSTIS CAPILLARIS,GRASS,1,
7.23.2019,204,PK,3,28,D,757,EQUISETUM LAEVIGATUM,FORB,1,
7.23.2019,204,PK,3,28,D,758,LITTER,LITTER,50,
7.23.2019,204,PK,3,28,D,759,PANICUM OLIGOSANTHES,GRASS,2,
7.23.2019,204,PK,3,28,D,760,POA PRATENSIS,GRASS,3,
7.23.2019,204,PK,3,28,D,761,SCHIZACHYRIUM SCOPARIUM,GRASS,30,
7.23.2019,204,PK,3,28,D,762,SOLIDAGO SP,FORB,25,
7.23.2019,204,N1,3,29,B,763,ACHILLEA MILLEFOLIUM,FORB,3,
7.23.2019,204,N1,3,29,B,764,AGROPYRON REPENS,GRASS,25,
7.23.2019,204,N1,3,29,B,765,ANDROPOGON GERARDII,GRASS,10,
7.23.2019,204,N1,3,29,B,766,BARE GROUND,BARE GROUND,3,
7.23.2019,204,N1,3,29,B,767,LITTER,LITTER,70,
7.23.2019,204,N1,3,29,B,768,POA PRATENSIS,GRASS,7,
7.23.2019,204,N1,3,29,B,769,SOLIDAGO SP,FORB,2,
7.23.2019,204,K,3,30,D,770,ACHILLEA MILLEFOLIUM,FORB,0.5,
7.23.2019,204,K,3,30,D,771,AGROPYRON REPENS,GRASS,8,
7.23.2019,204,K,3,30,D,772,ANDROPOGON GERARDII,GRASS,10,
7.23.2019,204,K,3,30,D,773,ASCLEPIAS OVALIFOLIA,FORB,3,
7.23.2019,204,K,3,30,D,774,LITTER,LITTER,70,
7.23.2019,204,K,3,30,D,775,PANICUM OLIGOSANTHES,GRASS,2,
7.23.2019,204,K,3,30,D,776,POA PRATENSIS,GRASS,20,
7.23.2019,204,K,3,30,D,777,RUMEX ACETOSELLA,FORB,1,
7.23.2019,204,K,3,30,D,778,SOLIDAGO SP,FORB,2,
7.23.2019,204,P,3,31,B,779,ACHILLEA MILLEFOLIUM,FORB,7,
7.23.2019,204,P,3,31,B,780,BARE GROUND,BARE GROUND,10,
7.23.2019,204,P,3,31,B,781,EQUISETUM LAEVIGATUM,FORB,0.25,
7.23.2019,204,P,3,31,B,782,PANICUM OLIGOSANTHES,GRASS,3,
7.23.2019,204,P,3,31,B,783,POA PRATENSIS,GRASS,2,
7.23.2019,204,P,3,31,B,784,SCHIZACHYRIUM SCOPARIUM,GRASS,20,
7.23.2019,204,P,3,31,B,785,SOLIDAGO SP,FORB,30,
7.23.2019,204,N10,3,32,C,786,AGROPYRON REPENS,GRASS,5,
7.23.2019,204,N10,3,32,C,787,AGROSTIS CAPILLARIS,GRASS,2,
7.23.2019,204,N10,3,32,C,788,ANDROPOGON GERARDII,GRASS,35,
7.23.2019,204,N10,3,32,C,789,BARE GROUND,BARE GROUND,7,
7.23.2019,204,N10,3,32,C,790,LITTER,LITTER,60,
7.23.2019,204,N10,3,32,C,791,POA PRATENSIS,GRASS,7,
7.23.2019,204,N10,3,32,C,792,POTENTILLA NORVEGICA,FORB,2,
7.23.2019,204,N10,3,32,C,793,RUMEX ACETOSELLA,FORB,4,
7.23.2019,204,N10,3,32,C,794,SCHIZACHYRIUM SCOPARIUM,GRASS,7,
7.23.2019,204,N10,3,32,C,795,SOLIDAGO SP,FORB,1,
7.23.2019,204,NPK,3,33,B,796,AGROPYRON REPENS,GRASS,95,
7.23.2019,204,NPK,3,33,B,797,LITTER,LITTER,40,
7.23.2019,204,NPK,3,33,B,798,MYSTERY FORB,,2,WAXY LEAVES.
7.23.2019,204,NPK,3,33,B,799,POLYGONUM CONVULVULUS,FORB,3,
7.23.2019,204,N5,3,34,C,800,ACHILLEA MILLEFOLIUM,FORB,5.5,
7.23.2019,204,N5,3,34,C,801,ANDROPOGON GERARDII,GRASS,4,
7.23.2019,204,N5,3,34,C,802,CAREX SP,GRAMINOID,7,
7.23.2019,204,N5,3,34,C,803,EQUISETUM LAEVIGATUM,FORB,1,
7.23.2019,204,N5,3,34,C,804,LITTER,LITTER,40,
7.23.2019,204,N5,3,34,C,805,POA PRATENSIS,GRASS,,
7.23.2019,204,N5,3,34,C,806,POPULUS DELTOIDES,NULL,2,
7.23.2019,204,N5,3,34,C,807,RUMEX ACETOSELLA,FORB,0.5,
7.23.2019,204,N5,3,34,C,808,SCHIZACHYRIUM SCOPARIUM,GRASS,20,
7.23.2019,204,N5,3,34,C,809,SOLIDAGO SP,FORB,20,
7.23.2019,204,NP,3,35,B,810,AGROPYRON REPENS,GRASS,55,
7.23.2019,204,NP,3,35,B,811,BARE GROUND,BARE GROUND,10,
7.23.2019,204,NP,3,35,B,812,LITTER,LITTER,40,
7.23.2019,204,NP,3,35,B,813,POA PRATENSIS,GRASS,8,
7.23.2019,204,NP,3,35,B,814,RUMEX ACETOSELLA,FORB,10,
7.23.2019,204,NPK_H,3,36,C,815,AGROPYRON REPENS,GRASS,60,
7.23.2019,204,NPK_H,3,36,C,816,CAREX SP,GRAMINOID,5,
7.23.2019,204,NPK_H,3,36,C,817,LITTER,LITTER,60,
7.23.2019,204,NPK_H,3,36,C,818,POLYGONUM CONVULVULUS,FORB,7,
7.23.2019,204,C,4,39,A,819,AGROPYRON REPENS,GRASS,4,
7.23.2019,204,C,4,39,A,820,ANDROPOGON GERARDII,GRASS,15,
7.23.2019,204,C,4,39,A,821,ANEMONE CYLINDRICA,FORB,1,
7.23.2019,204,C,4,39,A,822,ASCLEPIAS OVALIFOLIA,FORB,5,
7.23.2019,204,C,4,39,A,823,CAREX SP,GRAMINOID,15,
7.23.2019,204,C,4,39,A,824,LITTER,LITTER,60,
7.23.2019,204,C,4,39,A,825,PANICUM OLIGOSANTHES,GRASS,5,
7.23.2019,204,C,4,39,A,826,POA PRATENSIS,GRASS,2,
7.23.2019,204,C,4,39,A,827,RUMEX ACETOSELLA,FORB,1,
7.23.2019,204,N1,4,43,A,828,ACHILLEA MILLEFOLIUM,FORB,3,
7.23.2019,204,N1,4,43,A,829,AGROPYRON REPENS,GRASS,5,
7.23.2019,204,N1,4,43,A,830,ANDROPOGON GERARDII,GRASS,40,
7.23.2019,204,N1,4,43,A,831,ASCLEPIAS OVALIFOLIA,FORB,3,
7.23.2019,204,N1,4,43,A,832,CAREX SP,GRAMINOID,10,
7.23.2019,204,N1,4,43,A,833,LITTER,LITTER,50,
7.23.2019,204,N1,4,43,A,834,PANICUM OLIGOSANTHES,GRASS,2,
7.23.2019,204,N1,4,43,A,835,POA PRATENSIS,GRASS,2,
7.23.2019,204,N1,4,43,A,836,SOLIDAGO SP,FORB,2,
7.23.2019,204,N10,4,44,A,837,AGROPYRON REPENS,GRASS,20,
7.23.2019,204,N10,4,44,A,838,ANDROPOGON GERARDII,GRASS,35,
7.23.2019,204,N10,4,44,A,839,CAREX SP,GRAMINOID,10,
7.23.2019,204,N10,4,44,A,840,LITTER,LITTER,60,
7.23.2019,204,N10,4,44,A,841,RUMEX ACETOSELLA,FORB,5,
7.23.2019,204,NPK,4,45,A,842,AGROPYRON REPENS,GRASS,35,
7.23.2019,204,NPK,4,45,A,843,ANDROPOGON GERARDII,GRASS,8,
7.23.2019,204,NPK,4,45,A,844,LITTER,LITTER,70,
7.23.2019,204,NPK,4,45,A,845,MOLLUGO VERTICILLATA,FORB,0.25,
7.23.2019,204,NPK,4,45,A,846,PANICUM OLIGOSANTHES,GRASS,1,
7.23.2019,204,NPK,4,45,A,847,POA PRATENSIS,GRASS,3,
7.23.2019,204,N5,4,48,D,848,ACHILLEA MILLEFOLIUM,FORB,2,
7.23.2019,204,N5,4,48,D,849,AGROPYRON REPENS,GRASS,10,
7.23.2019,204,N5,4,48,D,850,ANDROPOGON GERARDII,GRASS,7,
7.23.2019,204,N5,4,48,D,851,ASCLEPIAS OVALIFOLIA,FORB,2,
7.23.2019,204,N5,4,48,D,852,CAREX SP,GRAMINOID,20,
7.23.2019,204,N5,4,48,D,853,LITTER,LITTER,60,
7.23.2019,204,N5,4,48,D,854,MYSTERY FORB,FORB,1,UNKNOWN ID. SEE PICTURES
7.23.2019,204,N5,4,48,D,855,MYSTERY FORB,FORB,3,UNKNOWN ID. SEE PICTURES
7.23.2019,204,N5,4,48,D,856,PANICUM OLIGOSANTHES,GRASS,2,
7.23.2019,204,N5,4,48,D,857,POA PRATENSIS,GRASS,5,
7.23.2019,204,N5,4,48,D,858,POTENTILLA RECTA,FORB,1,
7.23.2019,204,N5,4,48,D,859,ROSA ARKANSANA,WOODY,3,
7.23.2019,204,N10,5,50,B,860,AGROSTIS CAPILLARIS,GRASS,2,
7.23.2019,204,N10,5,50,B,861,ANDROPOGON GERARDII,GRASS,50,
7.23.2019,204,N10,5,50,B,862,CAREX SP,GRAMINOID,10,
7.23.2019,204,N10,5,50,B,863,LITTER,LITTER,50,
7.23.2019,204,N10,5,50,B,864,POA PRATENSIS,GRASS,5,
7.23.2019,204,N10,5,50,B,865,RUMEX ACETOSELLA,FORB,5,
7.23.2019,204,N1,5,55,A,866,ACHILLEA MILLEFOLIUM,FORB,7,
7.23.2019,204,N1,5,55,A,867,ANDROPOGON GERARDII,GRASS,12,
7.23.2019,204,N1,5,55,A,868,ASCLEPIAS OVALIFOLIA,FORB,0.5,
7.23.2019,204,N1,5,55,A,869,ASCLEPIAS SYRIACA,FORB,1,
7.23.2019,204,N1,5,55,A,870,CAREX SP,GRAMINOID,4,
7.23.2019,204,N1,5,55,A,871,EQUISETUM LAEVIGATUM,FORB,0.5,
7.23.2019,204,N1,5,55,A,872,LITTER,LITTER,40,
7.23.2019,204,N1,5,55,A,873,PANICUM OLIGOSANTHES,GRASS,0.5,
7.23.2019,204,N1,5,55,A,874,RUMEX ACETOSELLA,FORB,1,
7.23.2019,204,N1,5,55,A,875,SCHIZACHYRIUM SCOPARIUM,GRASS,12,
7.23.2019,204,N1,5,55,A,876,SOLIDAGO SP,FORB,20,
7.23.2019,204,NPK,5,56,A,877,ACHILLEA MILLEFOLIUM,FORB,1,
7.23.2019,204,NPK,5,56,A,878,ANDROPOGON GERARDII,GRASS,10,
7.23.2019,204,NPK,5,56,A,879,ASCLEPIAS OVALIFOLIA,FORB,1,
7.23.2019,204,NPK,5,56,A,880,LITTER,LITTER,30,
7.23.2019,204,NPK,5,56,A,881,POA PRATENSIS,GRASS,30,
7.23.2019,204,NPK,5,56,A,882,RUMEX ACETOSELLA,FORB,7,
7.23.2019,204,NPK,5,56,A,883,SOLIDAGO SP,FORB,20,
7.23.2019,204,C,5,58,C,884,ACER SP,NULL,0.25,
7.23.2019,204,C,5,58,C,885,ANDROPOGON GERARDII,GRASS,15,
7.23.2019,204,C,5,58,C,886,ASCLEPIAS OVALIFOLIA,FORB,0.5,
7.23.2019,204,C,5,58,C,887,LITTER,LITTER,60,
7.23.2019,204,C,5,58,C,888,PANICUM OLIGOSANTHES,GRASS,4,
7.23.2019,204,C,5,58,C,889,SCHIZACHYRIUM SCOPARIUM,GRASS,20,
7.23.2019,204,N5,5,59,B,890,AGROPYRON REPENS,GRASS,10,
7.23.2019,204,N5,5,59,B,891,ANDROPOGON GERARDII,GRASS,15,
7.23.2019,204,N5,5,59,B,892,CAREX SP,GRAMINOID,15,
7.23.2019,204,N5,5,59,B,893,LITTER,LITTER,60,
7.23.2019,204,N5,5,59,B,894,POA PRATENSIS,GRASS,3,
7.23.2019,204,N5,5,59,B,895,RUMEX ACETOSELLA,FORB,5,
7.23.2019,204,N5,5,59,B,896,SMILACINA RACEMOSA,FORB,4,
7.23.2019,204,N5,5,59,B,897,SOLIDAGO SP,FORB,2,
7.24.2019,205,NPK_H,1,1,A,898,ANDROPOGON GERARDII,,50,
7.24.2019,205,NPK_H,1,1,A,899,RUMEX ACETOSELLA,,8,
7.24.2019,205,NPK_H,1,1,A,900,CAREX SP,,10,
7.24.2019,205,NPK_H,1,1,A,901,POA PRATENSIS,,5,
7.24.2019,205,NPK_H,1,1,A,902,LITTER,,60,
7.24.2019,205,NP,1,2,A,903,MOLLUGO VERTICILLATA,,7,
7.24.2019,205,NP,1,2,A,904,BARE GROUND,,15,
7.24.2019,205,NP,1,2,A,905,ACHILLEA MILLEFOLIUM,,7,
7.24.2019,205,NP,1,2,A,906,ANDROPOGON GERARDII,,5,
7.24.2019,205,NP,1,2,A,907,AGROPYRON REPENS,,15,
7.24.2019,205,NP,1,2,A,908,POA PRATENSIS,,20,
7.24.2019,205,NP,1,2,A,909,PANICUM OLIGOSANTHES,,1,
7.24.2019,205,NP,1,2,A,910,LITTER,,40,
7.24.2019,205,NPK,1,3,D,911,AGROPYRON REPENS,,25,
7.24.2019,205,NPK,1,3,D,912,ANDROPOGON GERARDII,,5,
7.24.2019,205,NPK,1,3,D,913,POA PRATENSIS,,15,
7.24.2019,205,NPK,1,3,D,914,BERTEROA INCANA,,7,
7.24.2019,205,NPK,1,3,D,915,ERIGERON CANADENSIS,,4,
7.24.2019,205,NPK,1,3,D,916,BARE GROUND,,5,
7.24.2019,205,NPK,1,3,D,917,TOXICODENDRON RADICANS,,1,
7.24.2019,205,NPK,1,3,D,918,LITTER,,40,
7.24.2019,205,K,1,4,B,919,SCHIZACHYRIUM SCOPARIUM,,40,
7.24.2019,205,K,1,4,B,920,PANICUM OLIGOSANTHES,,3,
7.24.2019,205,K,1,4,B,921,ANDROPOGON GERARDII,,20,
7.24.2019,205,K,1,4,B,922,LESPEDEZA CAPITATA,,1,
7.24.2019,205,K,1,4,B,923,ACHILLEA MILLEFOLIUM,,2,
7.24.2019,205,K,1,4,B,924,SOLIDAGO SP,,2,
7.24.2019,205,K,1,4,B,925,LITTER,,50,
7.24.2019,205,K,1,4,B,926,LIATRIS ASPERA,,1,
7.24.2019,205,N5,1,5,D,927,RUMEX ACETOSELLA,,4,
7.24.2019,205,N5,1,5,D,928,ANDROPOGON GERARDII,,40,
7.24.2019,205,N5,1,5,D,929,LESPEDEZA CAPITATA,,1,
7.24.2019,205,N5,1,5,D,930,ASCLEPIAS OVALIFOLIA,,1,
7.24.2019,205,N5,1,5,D,931,CAREX SP,,15,
7.24.2019,205,N5,1,5,D,932,CYPERUS SP,,0.5,IFFY ID
7.24.2019,205,N5,1,5,D,933,LITTER,,50,
7.24.2019,205,N5,1,5,D,934,ACHILLEA MILLEFOLIUM,,0.5,
7.24.2019,205,PK,1,6,B,935,ANDROPOGON GERARDII,,60,
7.24.2019,205,PK,1,6,B,936,TOXICODENDRON RADICANS,,15,
7.24.2019,205,PK,1,6,B,937,ACHILLEA MILLEFOLIUM,,3,
7.24.2019,205,PK,1,6,B,938,ASCLEPIAS OVALIFOLIA,,3,
7.24.2019,205,PK,1,6,B,939,POA PRATENSIS,,10,
7.24.2019,205,PK,1,6,B,940,PANICUM OLIGOSANTHES,,1,
7.24.2019,205,PK,1,6,B,941,LITTER,,50,
7.24.2019,205,N10,1,7,C,942,ANDROPOGON GERARDII,,25,
7.24.2019,205,N10,1,7,C,943,RUMEX ACETOSELLA,,20,
7.24.2019,205,N10,1,7,C,944,BARE GROUND,,10,
7.24.2019,205,N10,1,7,C,945,CAREX SP,,7,
7.24.2019,205,N10,1,7,C,946,AGROSTIS CAPILLARIS,,3,
7.24.2019,205,N10,1,7,C,947,SCHIZACHYRIUM SCOPARIUM,,10,
7.24.2019,205,N10,1,7,C,948,LESPEDEZA CAPITATA,,1,
7.24.2019,205,N10,1,7,C,949,PANICUM OLIGOSANTHES,,2,
7.24.2019,205,N10,1,7,C,950,ANTENNARIA NEGLECTA,,1,
7.24.2019,205,N10,1,7,C,951,LITTER,,20,
7.24.2019,205,P,1,8,A,952,ANDROPOGON GERARDII,,20,
7.24.2019,205,P,1,8,A,953,BARE GROUND,,5,
7.24.2019,205,P,1,8,A,954,SOLIDAGO SP,,5,
7.24.2019,205,P,1,8,A,955,ACHILLEA MILLEFOLIUM,,7,
7.24.2019,205,P,1,8,A,956,POA PRATENSIS,,3,
7.24.2019,205,P,1,8,A,957,SCHIZACHYRIUM SCOPARIUM,,20,
7.24.2019,205,P,1,8,A,958,LESPEDEZA CAPITATA,,2,
7.24.2019,205,P,1,8,A,959,PANICUM OLIGOSANTHES,,2,
7.24.2019,205,P,1,8,A,960,LIATRIS ASPERA,,1,
7.24.2019,205,P,1,8,A,961,CAREX SP,,5,
7.24.2019,205,P,1,8,A,962,TRAGOPOGON DUBIUS,,1,
7.24.2019,205,P,1,8,A,963,LITTER,,50,
7.24.2019,205,N1,1,9,C,964,TOXICODENDRON RADICANS,,7,
7.24.2019,205,N1,1,9,C,965,ANDROPOGON GERARDII,,40,
7.24.2019,205,N1,1,9,C,966,CAREX SP,,15,
7.24.2019,205,N1,1,9,C,967,ACHILLEA MILLEFOLIUM,,3,
7.24.2019,205,N1,1,9,C,968,LITTER,,60,
7.24.2019,205,C_H,1,10,D,969,LESPEDEZA CAPITATA,,6,
7.24.2019,205,C_H,1,10,D,970,ANDROPOGON GERARDII,,35,
7.24.2019,205,C_H,1,10,D,971,ACHILLEA MILLEFOLIUM,,2,
7.24.2019,205,C_H,1,10,D,972,EQUISETUM LAEVIGATUM,,0.25,
7.24.2019,205,C_H,1,10,D,973,SCHIZACHYRIUM SCOPARIUM,,20,
7.24.2019,205,C_H,1,10,D,974,CAREX SP,,9,
7.24.2019,205,C_H,1,10,D,975,SOLIDAGO SP,,0.5,
7.24.2019,205,C_H,1,10,D,976,LITTER,,60,
7.24.2019,205,C,1,11,B,977,ANDROPOGON GERARDII,,25,
7.24.2019,205,C,1,11,B,978,ACHILLEA MILLEFOLIUM,,3,
7.24.2019,205,C,1,11,B,979,SOLIDAGO SP,,2,
7.24.2019,205,C,1,11,B,980,LESPEDEZA CAPITATA,,1,
7.24.2019,205,C,1,11,B,981,SCHIZACHYRIUM SCOPARIUM,,15,
7.24.2019,205,C,1,11,B,982,ANTENNARIA NEGLECTA,,2,
7.24.2019,205,C,1,11,B,983,CAREX SP,,10,
7.24.2019,205,C,1,11,B,984,SOLIDAGO RIGIDA,,2,LONG PETIOLE. SEE PICTURE. ORIGINALLY MYSTERY FORB
7.24.2019,205,C,1,11,B,985,LITTER,,50,
7.24.2019,205,C,1,11,B,986,BARE GROUND,,5,
7.24.2019,205,NK,1,12,D,987,AGROSTIS CAPILLARIS,,10,
7.24.2019,205,NK,1,12,D,988,PANICUM OLIGOSANTHES,,5,
7.24.2019,205,NK,1,12,D,989,RUMEX ACETOSELLA,,15,
7.24.2019,205,NK,1,12,D,990,POA PRATENSIS,,10,
7.24.2019,205,NK,1,12,D,991,AGROPYRON REPENS,,15,
7.24.2019,205,NK,1,12,D,992,CAREX SP,,7,
7.24.2019,205,NK,1,12,D,993,ERIGERON CANADENSIS,,4,
7.24.2019,205,NK,1,12,D,994,LITTER,,50,
7.24.2019,205,C,2,13,B,995,EQUISETUM LAEVIGATUM,,0.25,
7.24.2019,205,C,2,13,B,996,ANDROPOGON GERARDII,,20,
7.24.2019,205,C,2,13,B,997,LESPEDEZA CAPITATA,,5,
7.24.2019,205,C,2,13,B,998,SOLIDAGO SP,,2,
7.24.2019,205,C,2,13,B,999,ACHILLEA MILLEFOLIUM,,2,
7.24.2019,205,C,2,13,B,1000,SCHIZACHYRIUM SCOPARIUM,,20,
7.24.2019,205,C,2,13,B,1001,RUMEX ACETOSELLA,,0.5,
7.24.2019,205,C,2,13,B,1002,LITTER,,50,
7.24.2019,205,C,2,13,B,1003,CAREX SP,,5,
7.24.2019,205,NK,2,14,B,1004,ERIGERON CANADENSIS,,10,
7.24.2019,205,NK,2,14,B,1005,AGROPYRON REPENS,,20,
7.24.2019,205,NK,2,14,B,1006,BARE GROUND,,25,
7.24.2019,205,NK,2,14,B,1007,AGROSTIS CAPILLARIS,,5,
7.24.2019,205,NK,2,14,B,1008,POA PRATENSIS,,15,
7.24.2019,205,NK,2,14,B,1009,MYSTERY FORB,,2,SAME AS PLOT 20
7.24.2019,205,NK,2,14,B,1010,ANDROPOGON GERARDII,,12,
7.24.2019,205,NK,2,14,B,1011,LITTER,,20,
7.24.2019,205,PK,2,15,B,1012,ANDROPOGON GERARDII,,30,
7.24.2019,205,PK,2,15,B,1013,AGROPYRON REPENS,,2,
7.24.2019,205,PK,2,15,B,1014,POA PRATENSIS,,10,
7.24.2019,205,PK,2,15,B,1015,TOXICODENDRON RADICANS,,3,
7.24.2019,205,PK,2,15,B,1016,LITTER,,60,
7.24.2019,205,,,16,,1017,AGROPYRON REPENS,,30,
7.24.2019,205,,,16,,1018,ANDROPOGON GERARDII,,8,
7.24.2019,205,,,16,,1019,POA PRATENSIS,,5,
7.24.2019,205,,,16,,1020,BARE GROUND,,2,
7.24.2019,205,,,16,,1021,AGROSTIS CAPILLARIS,,1,
7.24.2019,205,,,16,,1022,CAREX SP,,8,
7.24.2019,205,,,16,,1023,LITTER,,60,
7.24.2019,205,,,17,,1024,AGROPYRON REPENS,,10,
7.24.2019,205,,,17,,1025,ANDROPOGON GERARDII,,35,
7.24.2019,205,,,17,,1026,POA PRATENSIS,,20,
7.24.2019,205,,,17,,1027,POLYGONUM CONVULVULUS,,1,
7.24.2019,205,,,17,,1028,LITTER,,50,
7.24.2019,205,,,18,,1029,POLYGONUM CONVULVULUS,,0.5,
7.24.2019,205,,,18,,1030,LYCHNIS ALBA,,2,
7.24.2019,205,,,18,,1031,AGROPYRON REPENS,,50,
7.24.2019,205,,,18,,1032,POA PRATENSIS,,5,
7.24.2019,205,,,18,,1033,LITTER,,50,
7.24.2019,205,,,19,,1034,ANDROPOGON GERARDII,,25,
7.24.2019,205,,,19,,1035,POA PRATENSIS,,5,
7.24.2019,205,,,19,,1036,AGROPYRON REPENS,,10,
7.24.2019,205,,,19,,1037,ERIGERON CANADENSIS,,1,
7.24.2019,205,,,19,,1038,AGROSTIS CAPILLARIS,,2,
7.24.2019,205,,,19,,1039,RUMEX ACETOSELLA,,1,
7.24.2019,205,,,19,,1040,CAREX SP,,7,
7.24.2019,205,,,19,,1041,LITTER,,60,
7.24.2019,205,,,20,,1042,ACHILLEA MILLEFOLIUM,,4,
7.24.2019,205,,,20,,1043,AGROPYRON REPENS,,40,
7.24.2019,205,,,20,,1044,ANDROPOGON GERARDII,,15,
7.24.2019,205,,,20,,1045,CAREX SP,,10,
7.24.2019,205,,,20,,1046,MYSTERY FORB,,2,BUMPY FORB. SEE PICTURE
7.24.2019,205,,,20,,1047,LITTER,,50,
7.24.2019,205,,,20,,1048,POA PRATENSIS,,2,
7.24.2019,205,,,21,,1049,POLYGONUM CONVULVULUS,,5,
7.24.2019,205,,,21,,1050,POA PRATENSIS,,7,
7.24.2019,205,,,21,,1051,AGROPYRON REPENS,,50,
7.24.2019,205,,,21,,1052,BERTEROA INCANA,,15,
7.24.2019,205,,,21,,1053,LYCHNIS ALBA,,1,
7.24.2019,205,,,21,,1054,CAREX SP,,7,
7.24.2019,205,,,21,,1055,LITTER,,60,
7.24.2019,205,,,22,,1056,CAREX SP,,10,
7.24.2019,205,,,22,,1057,ANDROPOGON GERARDII,,45,
7.24.2019,205,,,22,,1058,POA PRATENSIS,,3,
7.24.2019,205,,,22,,1059,AGROPYRON REPENS,,5,
7.24.2019,205,,,22,,1060,SOLIDAGO SP,,1,
7.24.2019,205,,,22,,1061,PANICUM OLIGOSANTHES,,2,
7.24.2019,205,,,22,,1062,BARE GROUND,,2,
7.24.2019,205,,,22,,1063,VERBASCUM THAPSUS,,0.5,
7.24.2019,205,,,22,,1064,EQUISETUM LAEVIGATUM,,0.25,
7.24.2019,205,,,22,,1065,LITTER,,50,
7.24.2019,205,,,23,,1066,BARE GROUND,,15,
7.24.2019,205,,,23,,1067,LITTER,,50,
7.24.2019,205,,,23,,1068,AGROPYRON REPENS,,30,
7.24.2019,205,,,23,,1069,ANDROPOGON GERARDII,,2,
7.24.2019,205,,,23,,1070,LYCHNIS ALBA,,10,
7.24.2019,205,,,23,,1071,ERIGERON CANADENSIS,,4,
7.24.2019,205,,,23,,1072,CHENOPODIUM ALBUM,,2,
7.24.2019,205,,,23,,1073,POTENTILLA NORVEGICA,,6,
7.24.2019,205,,,23,,1074,VERBASCUM THAPSUS,,1,
7.24.2019,205,,,23,,1075,POLYGONUM CONVULVULUS,,8,
7.24.2019,205,,,24,,1076,POA PRATENSIS,,5,
7.24.2019,205,,,24,,1077,AGROPYRON REPENS,,60,
7.24.2019,205,,,24,,1078,POLYGONUM CONVULVULUS,,5,
7.24.2019,205,,,24,,1079,BRYOPHYTES,,1,
7.24.2019,205,,,24,,1080,BARE GROUND,,2,
7.24.2019,205,,,24,,1081,LYCHNIS ALBA,,2,
7.24.2019,205,,,24,,1082,LITTER,,30,
7.8.2019,189,NPK_H,1,1,A,1083,ANDROPOGON GERARDII,GRASS,40,
7.8.2019,189,NPK_H,1,1,A,1084,CAREX SP,GRAMINOID,2,
7.8.2019,189,NPK_H,1,1,A,1085,LITTER,LITTER,50,
7.8.2019,189,NPK_H,1,1,A,1086,POA PRATENSIS,GRASS,0.5,
7.8.2019,189,NPK_H,1,1,A,1087,RUMEX ACETOSELLA,FORB,5,
7.8.2019,189,NPK_H,1,1,A,1088,SCHIZACHYRIUM SCOPARIUM,GRASS,5,
7.8.2019,189,NP,1,2,A,1089,ACHILLEA MILLEFOLIUM,FORB,2,
7.8.2019,189,NP,1,2,A,1090,AGROPYRON REPENS,GRASS,15,
7.8.2019,189,NP,1,2,A,1091,BARE GROUND,BARE GROUND,15,
7.8.2019,189,NP,1,2,A,1092,LITTER,LITTER,60,
7.8.2019,189,NP,1,2,A,1093,MOLLUGO VERTICILLATA,FORB,2,
7.8.2019,189,NP,1,2,A,1094,PANICUM OLIGOSANTHES,GRASS,0.5,
7.8.2019,189,NP,1,2,A,1095,POA PRATENSIS,GRASS,5,
7.8.2019,189,NPK,1,3,D,1096,AGROPYRON REPENS,GRASS,30,
7.8.2019,189,NPK,1,3,D,1097,BARE GROUND,BARE GROUND,5,
7.8.2019,189,NPK,1,3,D,1098,BERTEROA INCANA,FORB,1,
7.8.2019,189,NPK,1,3,D,1099,ERIGERON CANADENSIS,FORB,0.5,
7.8.2019,189,NPK,1,3,D,1100,LITTER,LITTER,40,
7.8.2019,189,NPK,1,3,D,1101,POA PRATENSIS,GRASS,25,
7.8.2019,189,K,1,4,B,1102,ACHILLEA MILLEFOLIUM,FORB,3,
7.8.2019,189,K,1,4,B,1103,ANDROPOGON GERARDII,GRASS,15,
7.8.2019,189,K,1,4,B,1104,ANTENNARIA NEGLECTA,FORB,2,
7.8.2019,189,K,1,4,B,1105,LESPEDEZA CAPITATA,FORB,0.5,
7.8.2019,189,K,1,4,B,1106,LITTER,LITTER,60,
7.8.2019,189,K,1,4,B,1107,PANICUM OLIGOSANTHES,GRASS,2,
7.8.2019,189,K,1,4,B,1108,POA PRATENSIS,GRASS,4,
7.8.2019,189,K,1,4,B,1109,SCHIZACHYRIUM SCOPARIUM,GRASS,20,
7.8.2019,189,K,1,4,B,1110,SOLIDAGO SP,FORB,2,
7.8.2019,189,N5,1,5,D,1111,ACHILLEA MILLEFOLIUM,FORB,0.5,
7.8.2019,189,N5,1,5,D,1112,ANDROPOGON GERARDII,GRASS,40,
7.8.2019,189,N5,1,5,D,1113,ASCLEPIAS OVALIFOLIA,FORB,1,
7.8.2019,189,N5,1,5,D,1114,CAREX SP,GRAMINOID,10,
7.8.2019,189,N5,1,5,D,1115,LESPEDEZA CAPITATA,FORB,1,
7.8.2019,189,N5,1,5,D,1116,LITTER,LITTER,45,
7.8.2019,189,N5,1,5,D,1117,POA PRATENSIS,GRASS,1,
7.8.2019,189,N5,1,5,D,1118,RUMEX ACETOSELLA,FORB,2,
7.8.2019,189,N5,1,5,D,1119,SOLIDAGO SP,FORB,0.5,
7.8.2019,189,PK,1,6,B,1120,ACHILLEA MILLEFOLIUM,FORB,2,
7.8.2019,189,PK,1,6,B,1121,AGROPYRON REPENS,GRASS,50,
7.8.2019,189,PK,1,6,B,1122,ANDROPOGON GERARDII,GRASS,10,
7.8.2019,189,PK,1,6,B,1123,ASCLEPIAS OVALIFOLIA,FORB,0.5,
7.8.2019,189,PK,1,6,B,1124,LITTER,LITTER,40,
7.8.2019,189,PK,1,6,B,1125,POA PRATENSIS,GRASS,2,
7.8.2019,189,PK,1,6,B,1126,TOXICODENDRON RADICANS,FORB,7,
7.8.2019,189,N10,1,7,C,1127,ANDROPOGON GERARDII,GRASS,15,
7.8.2019,189,N10,1,7,C,1128,BARE GROUND,BARE GROUND,8,
7.8.2019,189,N10,1,7,C,1129,CAREX SP,GRAMINOID,8,
7.8.2019,189,N10,1,7,C,1130,LITTER,LITTER,50,
7.8.2019,189,N10,1,7,C,1131,PANICUM OLIGOSANTHES,GRASS,1,
7.8.2019,189,N10,1,7,C,1132,RUMEX ACETOSELLA,FORB,15,
7.8.2019,189,N10,1,7,C,1133,SCHIZACHYRIUM SCOPARIUM,GRASS,5,
7.8.2019,189,P,1,8,A,1134,ACHILLEA MILLEFOLIUM,FORB,4,
7.8.2019,189,P,1,8,A,1135,ANDROPOGON GERARDII,GRASS,25,
7.8.2019,189,P,1,8,A,1136,BARE GROUND,BARE GROUND,2,
7.8.2019,189,P,1,8,A,1137,CAREX SP,GRAMINOID,4,
7.8.2019,189,P,1,8,A,1138,ERIGERON CANADENSIS,FORB,0.5,
7.8.2019,189,P,1,8,A,1139,LITTER,LITTER,45,
7.8.2019,189,P,1,8,A,1140,PANICUM OLIGOSANTHES,GRASS,1,
7.8.2019,189,P,1,8,A,1141,SCHIZACHYRIUM SCOPARIUM,GRASS,10,
7.8.2019,189,P,1,8,A,1142,SOLIDAGO SP,FORB,5,
7.8.2019,189,N1,1,9,C,1143,ACHILLEA MILLEFOLIUM,FORB,2,
7.8.2019,189,N1,1,9,C,1144,ANDROPOGON GERARDII,GRASS,40,
7.8.2019,189,N1,1,9,C,1145,CAREX SP,GRAMINOID,15,
7.8.2019,189,N1,1,9,C,1146,LITTER,LITTER,45,
7.8.2019,189,N1,1,9,C,1147,TOXICODENDRON RADICANS,FORB,2,
7.8.2019,189,C_H,1,10,D,1148,ACHILLEA MILLEFOLIUM,FORB,4,
7.8.2019,189,C_H,1,10,D,1149,ANDROPOGON GERARDII,GRASS,30,
7.8.2019,189,C_H,1,10,D,1150,ANTENNARIA NEGLECTA,FORB,2,
7.8.2019,189,C_H,1,10,D,1151,CAREX SP,GRAMINOID,3,
7.8.2019,189,C_H,1,10,D,1152,LESPEDEZA CAPITATA,FORB,4,
7.8.2019,189,C_H,1,10,D,1153,LITTER,LITTER,50,
7.8.2019,189,C_H,1,10,D,1154,SCHIZACHYRIUM SCOPARIUM,GRASS,10,
7.8.2019,189,C,1,11,B,1155,ACHILLEA MILLEFOLIUM,FORB,8,
7.8.2019,189,C,1,11,B,1156,ANDROPOGON GERARDII,GRASS,20,
7.8.2019,189,C,1,11,B,1157,ANTENNARIA NEGLECTA,FORB,0.5,
7.8.2019,189,C,1,11,B,1158,BARE GROUND,BARE GROUND,7,
7.8.2019,189,C,1,11,B,1159,CAREX SP,GRAMINOID,8,
7.8.2019,189,C,1,11,B,1160,LESPEDEZA CAPITATA,FORB,4,
7.8.2019,189,C,1,11,B,1161,LITTER,LITTER,45,
7.8.2019,189,C,1,11,B,1162,POA PRATENSIS,GRASS,5,
7.8.2019,189,C,1,11,B,1163,SOLIDAGO RIGIDA,FORB,5,LONG PETIOLE. SEE PICTURE. ORIGINALLY MYSTERY FORB
7.8.2019,189,NK,1,12,D,1164,AGROPYRON REPENS,GRASS,10,
7.8.2019,189,NK,1,12,D,1165,AGROSTIS CAPILLARIS,GRASS,15,
7.8.2019,189,NK,1,12,D,1166,BARE GROUND,BARE GROUND,2,
7.8.2019,189,NK,1,12,D,1167,ERIGERON CANADENSIS,FORB,1,
7.8.2019,189,NK,1,12,D,1168,LITTER,LITTER,45,
7.8.2019,189,NK,1,12,D,1169,PANICUM OLIGOSANTHES,GRASS,2.5,
7.8.2019,189,NK,1,12,D,1170,POA PRATENSIS,GRASS,20,
7.8.2019,189,NK,1,12,D,1171,RUMEX ACETOSELLA,FORB,7,
7.8.2019,189,C,2,13,B,1172,ACHILLEA MILLEFOLIUM,FORB,2,
7.8.2019,189,C,2,13,B,1173,ANDROPOGON GERARDII,GRASS,28,
7.8.2019,189,C,2,13,B,1174,ARABIS DIVARICARPA,FORB,0.25,
7.8.2019,189,C,2,13,B,1175,CAREX SP,GRAMINOID,3,
7.8.2019,189,C,2,13,B,1176,EQUISETUM LAEVIGATUM,FORB,0.5,
7.8.2019,189,C,2,13,B,1177,LESPEDEZA CAPITATA,FORB,4,
7.8.2019,189,C,2,13,B,1178,LITTER,LITTER,40,
7.8.2019,189,C,2,13,B,1179,RUMEX ACETOSELLA,FORB,0.5,
7.8.2019,189,C,2,13,B,1180,SCHIZACHYRIUM SCOPARIUM,GRASS,20,
7.8.2019,189,C,2,13,B,1181,SOLIDAGO SP,FORB,2,
7.8.2019,189,NK,2,14,B,1182,AGROPYRON REPENS,GRASS,40,
7.8.2019,189,NK,2,14,B,1183,AGROSTIS CAPILLARIS,GRASS,2,
7.8.2019,189,NK,2,14,B,1184,ANDROPOGON GERARDII,GRASS,2,
7.8.2019,189,NK,2,14,B,1185,BARE GROUND,BARE GROUND,20,
7.8.2019,189,NK,2,14,B,1186,ERIGERON CANADENSIS,FORB,10,
7.8.2019,189,NK,2,14,B,1187,LITTER,LITTER,30,
7.8.2019,189,NK,2,14,B,1188,MYSTERY FORB,FORB,1,"Same species as from earlier cover measurements, just bigger"
7.8.2019,189,NK,2,14,B,1189,POA PRATENSIS,GRASS,3,
7.8.2019,189,PK,2,15,B,1190,ANDROPOGON GERARDII,GRASS,40,
7.8.2019,189,PK,2,15,B,1191,LITTER,LITTER,60,
7.8.2019,189,PK,2,15,B,1192,POA PRATENSIS,GRASS,7,
7.8.2019,189,PK,2,15,B,1193,TOXICODENDRON RADICANS,FORB,1,
7.8.2019,189,NP,2,16,A,1194,AGROPYRON REPENS,GRASS,20,
7.8.2019,189,NP,2,16,A,1195,AGROSTIS CAPILLARIS,GRASS,1,
7.8.2019,189,NP,2,16,A,1196,BARE GROUND,BARE GROUND,1,
7.8.2019,189,NP,2,16,A,1197,CAREX SP,GRAMINOID,1,
7.8.2019,189,NP,2,16,A,1198,ERIGERON CANADENSIS,FORB,1,
7.8.2019,189,NP,2,16,A,1199,LITTER,LITTER,70,
7.8.2019,189,NP,2,16,A,1200,POA PRATENSIS,GRASS,5,
7.8.2019,189,N5,2,17,C,1201,AGROPYRON REPENS,GRASS,15,
7.8.2019,189,N5,2,17,C,1202,ANDROPOGON GERARDII,GRASS,40,
7.8.2019,189,N5,2,17,C,1203,LITTER,LITTER,50,
7.8.2019,189,N5,2,17,C,1204,POA PRATENSIS,GRASS,5,
7.8.2019,189,NPK,2,18,B,1205,AGROPYRON REPENS,GRASS,70,
7.8.2019,189,NPK,2,18,B,1206,LIATRIS ASPERA,FORB,1,
7.8.2019,189,NPK,2,18,B,1207,LITTER,LITTER,40,
7.8.2019,189,NPK,2,18,B,1208,RUMEX ACETOSELLA,FORB,0.5,
7.8.2019,189,P,2,19,D,1209,AGROPYRON REPENS,GRASS,7,
7.8.2019,189,P,2,19,D,1210,ANDROPOGON GERARDII,GRASS,25,
7.8.2019,189,P,2,19,D,1211,BARE GROUND,BARE GROUND,7,
7.8.2019,189,P,2,19,D,1212,CAREX SP,GRAMINOID,10,
7.8.2019,189,P,2,19,D,1213,ERIGERON CANADENSIS,FORB,1,
7.8.2019,189,P,2,19,D,1214,LITTER,LITTER,50,
7.8.2019,189,P,2,19,D,1215,RUMEX ACETOSELLA,FORB,0.5,
7.8.2019,189,N1,2,20,D,1216,ACHILLEA MILLEFOLIUM,FORB,3,
7.8.2019,189,N1,2,20,D,1217,AGROPYRON REPENS,GRASS,40,
7.8.2019,189,N1,2,20,D,1218,ANDROPOGON GERARDII,GRASS,7,
7.8.2019,189,N1,2,20,D,1219,LITTER,LITTER,45,
7.8.2019,189,N1,2,20,D,1220,MYSTERY FORB,FORB,0.5,SAME MYSTERY FORB AS PLOT 18
7.8.2019,189,N1,2,20,D,1221,POA PRATENSIS,GRASS,8,
7.8.2019,189,C_H,2,21,C,1222,AGROPYRON REPENS,GRASS,30,
7.8.2019,189,C_H,2,21,C,1223,BERTEROA INCANA,FORB,6,
7.8.2019,189,C_H,2,21,C,1224,CAREX SP,GRAMINOID,3,
7.8.2019,189,C_H,2,21,C,1225,LITTER,LITTER,60,
7.8.2019,189,C_H,2,21,C,1226,POA PRATENSIS,GRASS,5,
7.8.2019,189,C_H,2,21,C,1227,POLYGONUM CONVULVULUS,FORB,1,
7.8.2019,189,K,2,22,C,1228,ANDROPOGON GERARDII,GRASS,45,
7.8.2019,189,K,2,22,C,1229,BARE GROUND,BARE GROUND,3,
7.8.2019,189,K,2,22,C,1230,BERTEROA INCANA,FORB,0.5,
7.8.2019,189,K,2,22,C,1231,CAREX SP,GRAMINOID,4,
7.8.2019,189,K,2,22,C,1232,LITTER,LITTER,50,
7.8.2019,189,K,2,22,C,1233,PANICUM OLIGOSANTHES,GRASS,3,
7.8.2019,189,K,2,22,C,1234,SOLIDAGO SP,FORB,1,
7.8.2019,189,K,2,22,C,1235,VERBASCUM THAPSUS,FORB,0.25,
7.8.2019,189,NPK_H,2,23,C,1236,AGROPYRON REPENS,GRASS,20,
7.8.2019,189,NPK_H,2,23,C,1237,BERTEROA INCANA,FORB,4,
7.8.2019,189,NPK_H,2,23,C,1238,BRYOPHYTE,BRYOPHYTE,2,
7.8.2019,189,NPK_H,2,23,C,1239,CHENOPODIUM ALBUM,FORB,3,
7.8.2019,189,NPK_H,2,23,C,1240,ERIGERON CANADENSIS,FORB,5,
7.8.2019,189,NPK_H,2,23,C,1241,LITTER,LITTER,40,
7.8.2019,189,NPK_H,2,23,C,1242,LYCHNIS ALBA,FORB,8,
7.8.2019,189,NPK_H,2,23,C,1243,POLYGONUM CONVULVULUS,FORB,1,
7.8.2019,189,NPK_H,2,23,C,1244,POTENTILLA NORVEGICA,FORB,5,
7.8.2019,189,NPK_H,2,23,C,1245,SCHIZACHYRIUM SCOPARIUM,GRASS,2,
7.8.2019,189,NPK_H,2,23,C,1246,VERBASCUM THAPSUS,FORB,3,
7.8.2019,189,N10,2,24,C,1247,AGROPYRON REPENS,GRASS,55,
7.8.2019,189,N10,2,24,C,1248,BARE GROUND,BARE GROUND,5,
7.8.2019,189,N10,2,24,C,1249,BERTEROA INCANA,FORB,1,
7.8.2019,189,N10,2,24,C,1250,BRYOPHYTE,BRYOPHYTE,2,
7.8.2019,189,N10,2,24,C,1251,LITTER,LITTER,30,
7.8.2019,189,N10,2,24,C,1252,POA PRATENSIS,GRASS,10,
7.8.2019,189,N10,2,24,C,1253,POLYGONUM CONVULVULUS,FORB,5,
